team_a,team_b,matches_2006_2026,team_a_wins,draws,team_b_wins,goals_a,goals_b,first_match,last_match,source_dataset,source_url
Algeria,Argentina,1,0,0,1,3,4,2007-06-05,2007-06-05,martj42/international_results results.csv,https://github.com/martj42/international_results/blob/master/results.csv
Algeria,Australia,0,0,0,0,0,0,,,,
Algeria,Austria,0,0,0,0,0,0,,,,
Algeria,Belgium,1,0,0,1,1,2,2014-06-17,2014-06-17,martj42/international_results results.csv,https://github.com/martj42/international_results/blob/master/results.csv
Algeria,Bosnia and Herzegovina,1,0,0,1,0,1,2012-11-14,2012-11-14,martj42/international_results results.csv,https://github.com/martj42/international_results/blob/master/results.csv
Algeria,Brazil,1,0,0,1,0,2,2007-08-22,2007-08-22,martj42/international_results results.csv,https://github.com/martj42/international_results/blob/master/results.csv
Algeria,Canada,0,0,0,0,0,0,,,,
Algeria,Cape Verde,4,2,1,1,11,6,2007-03-24,2023-10-12,martj42/international_results results.csv,https://github.com/martj42/international_results/blob/master/results.csv
Algeria,Colombia,1,1,0,0,3,0,2019-10-15,2019-10-15,martj42/international_results results.csv,https://github.com/martj42/international_results/blob/master/results.csv
Algeria,Croatia,0,0,0,0,0,0,,,,
Algeria,Curacao,0,0,0,0,0,0,,,,
Algeria,Czech Republic,0,0,0,0,0,0,,,,
Algeria,DR Congo,3,1,2,0,3,2,2008-03-26,2026-01-06,martj42/international_results results.csv,https://github.com/martj42/international_results/blob/master/results.csv
Algeria,Ecuador,0,0,0,0,0,0,,,,
Algeria,Egypt,6,2,2,2,6,9,2009-06-07,2023-10-16,martj42/international_results results.csv,https://github.com/martj42/international_results/blob/master/results.csv
Algeria,England,1,0,1,0,0,0,2010-06-18,2010-06-18,martj42/international_results results.csv,https://github.com/martj42/international_results/blob/master/results.csv
Algeria,France,0,0,0,0,0,0,,,,
Algeria,Germany,1,0,0,1,1,2,2014-06-30,2014-06-30,martj42/international_results results.csv,https://github.com/martj42/international_results/blob/master/results.csv
Algeria,Ghana,2,1,0,1,3,1,2015-01-23,2022-01-05,martj42/international_results results.csv,https://github.com/martj42/international_results/blob/master/results.csv
Algeria,Haiti,0,0,0,0,0,0,,,,
Algeria,Iran,2,1,0,1,3,3,2018-03-27,2022-06-12,martj42/international_results results.csv,https://github.com/martj42/international_results/blob/master/results.csv
Algeria,Iraq,1,1,0,0,2,0,2025-12-09,2025-12-09,martj42/international_results results.csv,https://github.com/martj42/international_results/blob/master/results.csv
Algeria,Ivory Coast,5,1,2,2,8,11,2010-01-24,2022-01-20,martj42/international_results results.csv,https://github.com/martj42/international_results/blob/master/results.csv
Algeria,Japan,0,0,0,0,0,0,,,,
Algeria,Jordan,0,0,0,0,0,0,,,,
Algeria,Mexico,1,0,1,0,2,2,2020-10-13,2020-10-13,martj42/international_results results.csv,https://github.com/martj42/international_results/blob/master/results.csv
Algeria,Morocco,3,1,1,1,3,6,2011-03-27,2021-12-11,martj42/international_results results.csv,https://github.com/martj42/international_results/blob/master/results.csv
Algeria,Netherlands,0,0,0,0,0,0,,,,
Algeria,New Zealand,0,0,0,0,0,0,,,,
Algeria,Norway,0,0,0,0,0,0,,,,
Algeria,Panama,0,0,0,0,0,0,,,,
Algeria,Paraguay,0,0,0,0,0,0,,,,
Algeria,Portugal,1,0,0,1,0,3,2018-06-07,2018-06-07,martj42/international_results results.csv,https://github.com/martj42/international_results/blob/master/results.csv
Algeria,Qatar,3,2,0,1,3,2,2015-03-26,2021-12-15,martj42/international_results results.csv,https://github.com/martj42/international_results/blob/master/results.csv
Algeria,Saudi Arabia,2,1,0,1,2,2,2018-05-09,2025-11-18,martj42/international_results results.csv,https://github.com/martj42/international_results/blob/master/results.csv
Algeria,Scotland,0,0,0,0,0,0,,,,
Algeria,Senegal,8,6,1,1,11,5,2008-05-31,2023-09-12,martj42/international_results results.csv,https://github.com/martj42/international_results/blob/master/results.csv
Algeria,South Africa,3,1,2,0,6,4,2013-01-12,2024-03-26,martj42/international_results results.csv,https://github.com/martj42/international_results/blob/master/results.csv
Algeria,South Korea,1,1,0,0,4,2,2014-06-22,2014-06-22,martj42/international_results results.csv,https://github.com/martj42/international_results/blob/master/results.csv
Algeria,Spain,0,0,0,0,0,0,,,,
Algeria,Sweden,2,0,0,2,3,6,2022-11-19,2025-06-10,martj42/international_results results.csv,https://github.com/martj42/international_results/blob/master/results.csv
Algeria,Switzerland,0,0,0,0,0,0,,,,
Algeria,Tunisia,8,4,2,2,9,5,2011-11-12,2023-06-20,martj42/international_results results.csv,https://github.com/martj42/international_results/blob/master/results.csv
Algeria,Turkey,0,0,0,0,0,0,,,,
Algeria,United States,1,0,0,1,0,1,2010-06-23,2010-06-23,martj42/international_results results.csv,https://github.com/martj42/international_results/blob/master/results.csv
Algeria,Uruguay,2,1,1,0,1,0,2009-08-12,2026-03-31,martj42/international_results results.csv,https://github.com/martj42/international_results/blob/master/results.csv
Algeria,Uzbekistan,0,0,0,0,0,0,,,,
Argentina,Australia,3,3,0,0,5,1,2007-09-11,2023-06-15,martj42/international_results results.csv,https://github.com/martj42/international_results/blob/master/results.csv
Argentina,Austria,0,0,0,0,0,0,,,,
Argentina,Belgium,1,1,0,0,1,0,2014-07-05,2014-07-05,martj42/international_results results.csv,https://github.com/martj42/international_results/blob/master/results.csv
Argentina,Bosnia and Herzegovina,2,2,0,0,4,1,2013-11-18,2014-06-15,martj42/international_results results.csv,https://github.com/martj42/international_results/blob/master/results.csv
Argentina,Brazil,21,8,4,9,18,27,2006-09-03,2025-03-25,martj42/international_results results.csv,https://github.com/martj42/international_results/blob/master/results.csv
Argentina,Canada,3,3,0,0,9,0,2010-05-24,2024-07-09,martj42/international_results results.csv,https://github.com/martj42/international_results/blob/master/results.csv
Argentina,Cape Verde,0,0,0,0,0,0,,,,
Argentina,Colombia,17,7,7,3,19,13,2007-07-02,2025-06-10,martj42/international_results results.csv,https://github.com/martj42/international_results/blob/master/results.csv
Argentina,Croatia,3,2,0,1,5,4,2014-11-12,2022-12-13,martj42/international_results results.csv,https://github.com/martj42/international_results/blob/master/results.csv
Argentina,Curacao,0,0,0,0,0,0,,,,
Argentina,Czech Republic,0,0,0,0,0,0,,,,
Argentina,DR Congo,0,0,0,0,0,0,,,,
Argentina,Ecuador,17,8,6,3,27,14,2008-06-15,2025-09-09,martj42/international_results results.csv,https://github.com/martj42/international_results/blob/master/results.csv
Argentina,Egypt,1,1,0,0,2,0,2008-03-26,2008-03-26,martj42/international_results results.csv,https://github.com/martj42/international_results/blob/master/results.csv
Argentina,England,0,0,0,0,0,0,,,,
Argentina,France,4,2,1,1,9,7,2007-02-07,2022-12-18,martj42/international_results results.csv,https://github.com/martj42/international_results/blob/master/results.csv
Argentina,Germany,7,3,2,2,11,11,2006-06-30,2019-10-09,martj42/international_results results.csv,https://github.com/martj42/international_results/blob/master/results.csv
Argentina,Ghana,1,1,0,0,2,0,2009-09-30,2009-09-30,martj42/international_results results.csv,https://github.com/martj42/international_results/blob/master/results.csv
Argentina,Haiti,2,2,0,0,8,0,2010-05-05,2018-05-29,martj42/international_results results.csv,https://github.com/martj42/international_results/blob/master/results.csv
Argentina,Iran,1,1,0,0,1,0,2014-06-21,2014-06-21,martj42/international_results results.csv,https://github.com/martj42/international_results/blob/master/results.csv
Argentina,Iraq,1,1,0,0,4,0,2018-10-11,2018-10-11,martj42/international_results results.csv,https://github.com/martj42/international_results/blob/master/results.csv
Argentina,Ivory Coast,1,1,0,0,2,1,2006-06-10,2006-06-10,martj42/international_results results.csv,https://github.com/martj42/international_results/blob/master/results.csv
Argentina,Japan,1,0,0,1,0,1,2010-10-08,2010-10-08,martj42/international_results results.csv,https://github.com/martj42/international_results/blob/master/results.csv
Argentina,Jordan,0,0,0,0,0,0,,,,
Argentina,Mexico,9,8,1,0,24,5,2006-06-24,2022-11-26,martj42/international_results results.csv,https://github.com/martj42/international_results/blob/master/results.csv
Argentina,Morocco,1,1,0,0,1,0,2019-03-26,2019-03-26,martj42/international_results results.csv,https://github.com/martj42/international_results/blob/master/results.csv
Argentina,Netherlands,3,0,3,0,2,2,2006-06-21,2022-12-09,martj42/international_results results.csv,https://github.com/martj42/international_results/blob/master/results.csv
Argentina,New Zealand,0,0,0,0,0,0,,,,
Argentina,Norway,1,0,0,1,1,2,2007-08-22,2007-08-22,martj42/international_results results.csv,https://github.com/martj42/international_results/blob/master/results.csv
Argentina,Panama,3,3,0,0,10,1,2009-05-20,2023-03-23,martj42/international_results results.csv,https://github.com/martj42/international_results/blob/master/results.csv
Argentina,Paraguay,16,7,6,3,27,15,2007-07-05,2024-11-14,martj42/international_results results.csv,https://github.com/martj42/international_results/blob/master/results.csv
Argentina,Portugal,2,1,0,1,2,2,2011-02-09,2014-11-18,martj42/international_results results.csv,https://github.com/martj42/international_results/blob/master/results.csv
Argentina,Qatar,1,1,0,0,2,0,2019-06-23,2019-06-23,martj42/international_results results.csv,https://github.com/martj42/international_results/blob/master/results.csv
Argentina,Saudi Arabia,2,0,1,1,1,2,2012-11-14,2022-11-22,martj42/international_results results.csv,https://github.com/martj42/international_results/blob/master/results.csv
Argentina,Scotland,1,1,0,0,1,0,2008-11-19,2008-11-19,martj42/international_results results.csv,https://github.com/martj42/international_results/blob/master/results.csv
Argentina,Senegal,0,0,0,0,0,0,,,,
Argentina,South Africa,0,0,0,0,0,0,,,,
Argentina,South Korea,1,1,0,0,4,1,2010-06-17,2010-06-17,martj42/international_results results.csv,https://github.com/martj42/international_results/blob/master/results.csv
Argentina,Spain,4,1,0,3,7,11,2006-10-11,2018-03-27,martj42/international_results results.csv,https://github.com/martj42/international_results/blob/master/results.csv
Argentina,Sweden,1,1,0,0,3,2,2013-02-06,2013-02-06,martj42/international_results results.csv,https://github.com/martj42/international_results/blob/master/results.csv
Argentina,Switzerland,3,2,1,0,5,2,2007-06-02,2014-07-01,martj42/international_results results.csv,https://github.com/martj42/international_results/blob/master/results.csv
Argentina,Tunisia,0,0,0,0,0,0,,,,
Argentina,Turkey,0,0,0,0,0,0,,,,
Argentina,United States,4,2,2,0,9,2,2007-06-28,2016-06-21,martj42/international_results results.csv,https://github.com/martj42/international_results/blob/master/results.csv
Argentina,Uruguay,14,9,3,2,19,9,2008-10-11,2025-03-21,martj42/international_results results.csv,https://github.com/martj42/international_results/blob/master/results.csv
Argentina,Uzbekistan,0,0,0,0,0,0,,,,
Australia,Austria,0,0,0,0,0,0,,,,
Australia,Belgium,1,0,0,1,0,2,2014-09-04,2014-09-04,martj42/international_results results.csv,https://github.com/martj42/international_results/blob/master/results.csv
Australia,Bosnia and Herzegovina,0,0,0,0,0,0,,,,
Australia,Brazil,3,0,0,3,0,12,2006-06-18,2017-06-13,martj42/international_results results.csv,https://github.com/martj42/international_results/blob/master/results.csv
Australia,Canada,2,2,0,0,4,0,2013-10-15,2025-10-10,martj42/international_results results.csv,https://github.com/martj42/international_results/blob/master/results.csv
Australia,Cape Verde,0,0,0,0,0,0,,,,
Australia,Colombia,2,0,1,1,0,3,2018-03-27,2025-11-18,martj42/international_results results.csv,https://github.com/martj42/international_results/blob/master/results.csv
Australia,Croatia,2,0,1,1,2,3,2006-06-22,2014-06-06,martj42/international_results results.csv,https://github.com/martj42/international_results/blob/master/results.csv
Australia,Curacao,0,0,0,0,0,0,,,,
Australia,Czech Republic,1,1,0,0,4,0,2018-06-01,2018-06-01,martj42/international_results results.csv,https://github.com/martj42/international_results/blob/master/results.csv
Australia,DR Congo,0,0,0,0,0,0,,,,
Australia,Ecuador,3,1,0,2,7,7,2014-03-05,2023-03-28,martj42/international_results results.csv,https://github.com/martj42/international_results/blob/master/results.csv
Australia,Egypt,1,0,0,1,0,3,2010-11-17,2010-11-17,martj42/international_results results.csv,https://github.com/martj42/international_results/blob/master/results.csv
Australia,England,2,0,0,2,1,3,2016-05-27,2023-10-13,martj42/international_results results.csv,https://github.com/martj42/international_results/blob/master/results.csv
Australia,France,3,0,0,3,2,12,2013-10-11,2022-11-22,martj42/international_results results.csv,https://github.com/martj42/international_results/blob/master/results.csv
Australia,Germany,4,1,1,2,6,10,2010-06-13,2017-06-19,martj42/international_results results.csv,https://github.com/martj42/international_results/blob/master/results.csv
Australia,Ghana,3,1,2,0,3,2,2006-11-14,2010-06-19,martj42/international_results results.csv,https://github.com/martj42/international_results/blob/master/results.csv
Australia,Haiti,0,0,0,0,0,0,,,,
Australia,Iran,0,0,0,0,0,0,,,,
Australia,Iraq,8,5,1,2,9,6,2007-07-13,2017-03-23,martj42/international_results results.csv,https://github.com/martj42/international_results/blob/master/results.csv
Australia,Ivory Coast,0,0,0,0,0,0,,,,
Australia,Japan,15,3,6,6,15,19,2006-06-12,2025-06-05,martj42/international_results results.csv,https://github.com/martj42/international_results/blob/master/results.csv
Australia,Jordan,8,5,0,3,14,7,2012-09-11,2022-06-01,martj42/international_results results.csv,https://github.com/martj42/international_results/blob/master/results.csv
Australia,Mexico,1,0,1,0,2,2,2023-09-09,2023-09-09,martj42/international_results results.csv,https://github.com/martj42/international_results/blob/master/results.csv
Australia,Morocco,0,0,0,0,0,0,,,,
Australia,Netherlands,4,1,2,1,5,5,2006-06-04,2014-06-18,martj42/international_results results.csv,https://github.com/martj42/international_results/blob/master/results.csv
Australia,New Zealand,7,7,0,0,14,2,2010-05-24,2025-09-09,martj42/international_results results.csv,https://github.com/martj42/international_results/blob/master/results.csv
Australia,Norway,1,0,0,1,1,4,2018-03-23,2018-03-23,martj42/international_results results.csv,https://github.com/martj42/international_results/blob/master/results.csv
Australia,Panama,0,0,0,0,0,0,,,,
Australia,Paraguay,2,1,1,0,2,1,2006-10-07,2010-10-09,martj42/international_results results.csv,https://github.com/martj42/international_results/blob/master/results.csv
Australia,Portugal,0,0,0,0,0,0,,,,
Australia,Qatar,5,3,1,1,10,2,2008-02-06,2014-10-14,martj42/international_results results.csv,https://github.com/martj42/international_results/blob/master/results.csv
Australia,Saudi Arabia,9,5,3,1,17,11,2011-09-06,2025-06-10,martj42/international_results results.csv,https://github.com/martj42/international_results/blob/master/results.csv
Australia,Scotland,1,0,0,1,1,3,2012-08-15,2012-08-15,martj42/international_results results.csv,https://github.com/martj42/international_results/blob/master/results.csv
Australia,Senegal,0,0,0,0,0,0,,,,
Australia,South Africa,2,0,2,0,3,3,2008-08-19,2014-05-26,martj42/international_results results.csv,https://github.com/martj42/international_results/blob/master/results.csv
Australia,South Korea,9,2,3,4,8,11,2009-09-05,2024-02-02,martj42/international_results results.csv,https://github.com/martj42/international_results/blob/master/results.csv
Australia,Spain,1,0,0,1,0,3,2014-06-23,2014-06-23,martj42/international_results results.csv,https://github.com/martj42/international_results/blob/master/results.csv
Australia,Sweden,0,0,0,0,0,0,,,,
Australia,Switzerland,1,0,1,0,0,0,2010-09-03,2010-09-03,martj42/international_results results.csv,https://github.com/martj42/international_results/blob/master/results.csv
Australia,Tunisia,1,1,0,0,1,0,2022-11-26,2022-11-26,martj42/international_results results.csv,https://github.com/martj42/international_results/blob/master/results.csv
Australia,Turkey,0,0,0,0,0,0,,,,
Australia,United States,2,0,0,2,2,5,2010-06-05,2025-10-14,martj42/international_results results.csv,https://github.com/martj42/international_results/blob/master/results.csv
Australia,Uruguay,1,0,0,1,1,2,2007-06-02,2007-06-02,martj42/international_results results.csv,https://github.com/martj42/international_results/blob/master/results.csv
Australia,Uzbekistan,5,3,2,0,10,1,2008-09-10,2024-01-23,martj42/international_results results.csv,https://github.com/martj42/international_results/blob/master/results.csv
Austria,Belgium,4,0,2,2,7,10,2010-10-12,2023-10-13,martj42/international_results results.csv,https://github.com/martj42/international_results/blob/master/results.csv
Austria,Bosnia and Herzegovina,5,1,3,1,4,4,2015-03-31,2025-11-18,martj42/international_results results.csv,https://github.com/martj42/international_results/blob/master/results.csv
Austria,Brazil,2,0,0,2,1,5,2014-11-18,2018-06-10,martj42/international_results results.csv,https://github.com/martj42/international_results/blob/master/results.csv
Austria,Canada,0,0,0,0,0,0,,,,
Austria,Cape Verde,0,0,0,0,0,0,,,,
Austria,Colombia,0,0,0,0,0,0,,,,
Austria,Croatia,4,1,0,3,4,5,2008-06-08,2022-09-25,martj42/international_results results.csv,https://github.com/martj42/international_results/blob/master/results.csv
Austria,Curacao,0,0,0,0,0,0,,,,
Austria,Czech Republic,2,1,1,0,3,2,2007-08-22,2014-06-03,martj42/international_results results.csv,https://github.com/martj42/international_results/blob/master/results.csv
Austria,DR Congo,0,0,0,0,0,0,,,,
Austria,Ecuador,0,0,0,0,0,0,,,,
Austria,Egypt,0,0,0,0,0,0,,,,
Austria,England,2,0,0,2,0,2,2007-11-16,2021-06-02,martj42/international_results results.csv,https://github.com/martj42/international_results/blob/master/results.csv
Austria,France,6,1,1,4,5,9,2007-03-28,2024-06-17,martj42/international_results results.csv,https://github.com/martj42/international_results/blob/master/results.csv
Austria,Germany,8,2,0,6,8,18,2008-02-06,2023-11-21,martj42/international_results results.csv,https://github.com/martj42/international_results/blob/master/results.csv
Austria,Ghana,2,1,1,0,6,2,2007-03-24,2026-03-27,martj42/international_results results.csv,https://github.com/martj42/international_results/blob/master/results.csv
Austria,Haiti,0,0,0,0,0,0,,,,
Austria,Iran,0,0,0,0,0,0,,,,
Austria,Iraq,0,0,0,0,0,0,,,,
Austria,Ivory Coast,2,1,0,1,3,5,2007-10-17,2012-11-14,martj42/international_results results.csv,https://github.com/martj42/international_results/blob/master/results.csv
Austria,Japan,1,0,1,0,0,0,2007-09-07,2007-09-07,martj42/international_results results.csv,https://github.com/martj42/international_results/blob/master/results.csv
Austria,Jordan,0,0,0,0,0,0,,,,
Austria,Mexico,0,0,0,0,0,0,,,,
Austria,Morocco,0,0,0,0,0,0,,,,
Austria,Netherlands,5,1,0,4,7,13,2008-03-26,2024-06-25,martj42/international_results results.csv,https://github.com/martj42/international_results/blob/master/results.csv
Austria,New Zealand,0,0,0,0,0,0,,,,
Austria,Norway,4,2,1,1,9,5,2020-09-04,2024-10-13,martj42/international_results results.csv,https://github.com/martj42/international_results/blob/master/results.csv
Austria,Panama,0,0,0,0,0,0,,,,
Austria,Paraguay,1,0,1,0,0,0,2007-06-02,2007-06-02,martj42/international_results results.csv,https://github.com/martj42/international_results/blob/master/results.csv
Austria,Portugal,1,0,1,0,0,0,2016-06-18,2016-06-18,martj42/international_results results.csv,https://github.com/martj42/international_results/blob/master/results.csv
Austria,Qatar,0,0,0,0,0,0,,,,
Austria,Saudi Arabia,0,0,0,0,0,0,,,,
Austria,Scotland,4,0,2,2,4,6,2007-05-30,2022-03-29,martj42/international_results results.csv,https://github.com/martj42/international_results/blob/master/results.csv
Austria,Senegal,0,0,0,0,0,0,,,,
Austria,South Africa,0,0,0,0,0,0,,,,
Austria,South Korea,1,1,0,0,1,0,2026-03-31,2026-03-31,martj42/international_results results.csv,https://github.com/martj42/international_results/blob/master/results.csv
Austria,Spain,1,0,0,1,1,5,2009-11-18,2009-11-18,martj42/international_results results.csv,https://github.com/martj42/international_results/blob/master/results.csv
Austria,Sweden,8,5,1,2,15,8,2009-02-11,2023-09-12,martj42/international_results results.csv,https://github.com/martj42/international_results/blob/master/results.csv
Austria,Switzerland,5,1,1,3,5,8,2006-10-11,2024-06-08,martj42/international_results results.csv,https://github.com/martj42/international_results/blob/master/results.csv
Austria,Tunisia,1,0,1,0,0,0,2007-11-21,2007-11-21,martj42/international_results results.csv,https://github.com/martj42/international_results/blob/master/results.csv
Austria,Turkey,7,2,1,4,12,11,2008-11-19,2024-07-02,martj42/international_results results.csv,https://github.com/martj42/international_results/blob/master/results.csv
Austria,United States,1,1,0,0,1,0,2013-11-19,2013-11-19,martj42/international_results results.csv,https://github.com/martj42/international_results/blob/master/results.csv
Austria,Uruguay,2,1,1,0,3,2,2014-03-05,2017-11-14,martj42/international_results results.csv,https://github.com/martj42/international_results/blob/master/results.csv
Austria,Uzbekistan,0,0,0,0,0,0,,,,
Belgium,Bosnia and Herzegovina,6,3,1,2,15,11,2009-03-28,2017-10-07,martj42/international_results results.csv,https://github.com/martj42/international_results/blob/master/results.csv
Belgium,Brazil,1,1,0,0,2,1,2018-07-06,2018-07-06,martj42/international_results results.csv,https://github.com/martj42/international_results/blob/master/results.csv
Belgium,Canada,1,1,0,0,1,0,2022-11-23,2022-11-23,martj42/international_results results.csv,https://github.com/martj42/international_results/blob/master/results.csv
Belgium,Cape Verde,0,0,0,0,0,0,,,,
Belgium,Colombia,1,0,0,1,0,2,2013-11-14,2013-11-14,martj42/international_results results.csv,https://github.com/martj42/international_results/blob/master/results.csv
Belgium,Croatia,5,2,2,1,4,3,2010-03-03,2022-12-01,martj42/international_results results.csv,https://github.com/martj42/international_results/blob/master/results.csv
Belgium,Curacao,0,0,0,0,0,0,,,,
Belgium,Czech Republic,5,2,1,2,7,7,2007-02-07,2021-09-05,martj42/international_results results.csv,https://github.com/martj42/international_results/blob/master/results.csv
Belgium,DR Congo,0,0,0,0,0,0,,,,
Belgium,Ecuador,0,0,0,0,0,0,,,,
Belgium,Egypt,2,1,0,1,4,2,2018-06-06,2022-11-18,martj42/international_results results.csv,https://github.com/martj42/international_results/blob/master/results.csv
Belgium,England,6,3,1,2,8,5,2012-06-02,2024-03-26,martj42/international_results results.csv,https://github.com/martj42/international_results/blob/master/results.csv
Belgium,France,8,1,2,5,7,12,2011-11-15,2024-10-14,martj42/international_results results.csv,https://github.com/martj42/international_results/blob/master/results.csv
Belgium,Germany,4,1,0,3,4,8,2008-08-20,2023-03-28,martj42/international_results results.csv,https://github.com/martj42/international_results/blob/master/results.csv
Belgium,Ghana,0,0,0,0,0,0,,,,
Belgium,Haiti,0,0,0,0,0,0,,,,
Belgium,Iran,0,0,0,0,0,0,,,,
Belgium,Iraq,0,0,0,0,0,0,,,,
Belgium,Ivory Coast,2,0,2,0,3,3,2014-03-05,2020-10-08,martj42/international_results results.csv,https://github.com/martj42/international_results/blob/master/results.csv
Belgium,Japan,4,2,0,2,6,9,2009-05-31,2018-07-02,martj42/international_results results.csv,https://github.com/martj42/international_results/blob/master/results.csv
Belgium,Jordan,0,0,0,0,0,0,,,,
Belgium,Mexico,2,0,2,0,4,4,2017-11-10,2026-03-31,martj42/international_results results.csv,https://github.com/martj42/international_results/blob/master/results.csv
Belgium,Morocco,2,0,0,2,1,6,2008-03-26,2022-11-27,martj42/international_results results.csv,https://github.com/martj42/international_results/blob/master/results.csv
Belgium,Netherlands,5,1,2,2,7,9,2012-08-15,2022-09-25,martj42/international_results results.csv,https://github.com/martj42/international_results/blob/master/results.csv
Belgium,New Zealand,0,0,0,0,0,0,,,,
Belgium,Norway,1,1,0,0,3,2,2016-06-05,2016-06-05,martj42/international_results results.csv,https://github.com/martj42/international_results/blob/master/results.csv
Belgium,Panama,1,1,0,0,3,0,2018-06-18,2018-06-18,martj42/international_results results.csv,https://github.com/martj42/international_results/blob/master/results.csv
Belgium,Paraguay,0,0,0,0,0,0,,,,
Belgium,Portugal,5,1,1,3,3,8,2007-03-24,2021-06-27,martj42/international_results results.csv,https://github.com/martj42/international_results/blob/master/results.csv
Belgium,Qatar,1,1,0,0,2,0,2009-11-17,2009-11-17,martj42/international_results results.csv,https://github.com/martj42/international_results/blob/master/results.csv
Belgium,Saudi Arabia,1,1,0,0,4,0,2018-03-27,2018-03-27,martj42/international_results results.csv,https://github.com/martj42/international_results/blob/master/results.csv
Belgium,Scotland,5,5,0,0,15,0,2012-10-16,2019-09-09,martj42/international_results results.csv,https://github.com/martj42/international_results/blob/master/results.csv
Belgium,Senegal,0,0,0,0,0,0,,,,
Belgium,South Africa,0,0,0,0,0,0,,,,
Belgium,South Korea,1,1,0,0,1,0,2014-06-26,2014-06-26,martj42/international_results results.csv,https://github.com/martj42/international_results/blob/master/results.csv
Belgium,Spain,3,0,0,3,1,9,2008-10-15,2016-09-01,martj42/international_results results.csv,https://github.com/martj42/international_results/blob/master/results.csv
Belgium,Sweden,4,3,1,0,7,1,2014-06-01,2023-10-16,martj42/international_results results.csv,https://github.com/martj42/international_results/blob/master/results.csv
Belgium,Switzerland,4,3,0,1,8,8,2016-05-28,2020-11-11,martj42/international_results results.csv,https://github.com/martj42/international_results/blob/master/results.csv
Belgium,Tunisia,2,2,0,0,6,2,2014-06-07,2018-06-23,martj42/international_results results.csv,https://github.com/martj42/international_results/blob/master/results.csv
Belgium,Turkey,4,1,2,1,6,5,2008-09-10,2011-06-03,martj42/international_results results.csv,https://github.com/martj42/international_results/blob/master/results.csv
Belgium,United States,4,4,0,0,12,5,2011-09-06,2026-03-28,martj42/international_results results.csv,https://github.com/martj42/international_results/blob/master/results.csv
Belgium,Uruguay,0,0,0,0,0,0,,,,
Belgium,Uzbekistan,0,0,0,0,0,0,,,,
Bosnia and Herzegovina,Brazil,1,0,0,1,1,2,2012-02-28,2012-02-28,martj42/international_results results.csv,https://github.com/martj42/international_results/blob/master/results.csv
Bosnia and Herzegovina,Canada,0,0,0,0,0,0,,,,
Bosnia and Herzegovina,Cape Verde,0,0,0,0,0,0,,,,
Bosnia and Herzegovina,Colombia,0,0,0,0,0,0,,,,
Bosnia and Herzegovina,Croatia,1,0,0,1,3,5,2007-08-22,2007-08-22,martj42/international_results results.csv,https://github.com/martj42/international_results/blob/master/results.csv
Bosnia and Herzegovina,Curacao,0,0,0,0,0,0,,,,
Bosnia and Herzegovina,Czech Republic,0,0,0,0,0,0,,,,
Bosnia and Herzegovina,DR Congo,0,0,0,0,0,0,,,,
Bosnia and Herzegovina,Ecuador,0,0,0,0,0,0,,,,
Bosnia and Herzegovina,Egypt,1,0,0,1,0,2,2014-03-05,2014-03-05,martj42/international_results results.csv,https://github.com/martj42/international_results/blob/master/results.csv
Bosnia and Herzegovina,England,1,0,0,1,0,3,2024-06-03,2024-06-03,martj42/international_results results.csv,https://github.com/martj42/international_results/blob/master/results.csv
Bosnia and Herzegovina,France,5,0,2,3,3,7,2006-08-16,2021-09-01,martj42/international_results results.csv,https://github.com/martj42/international_results/blob/master/results.csv
Bosnia and Herzegovina,Germany,3,0,0,3,2,12,2010-06-03,2024-11-16,martj42/international_results results.csv,https://github.com/martj42/international_results/blob/master/results.csv
Bosnia and Herzegovina,Ghana,1,1,0,0,2,1,2010-03-03,2010-03-03,martj42/international_results results.csv,https://github.com/martj42/international_results/blob/master/results.csv
Bosnia and Herzegovina,Haiti,0,0,0,0,0,0,,,,
Bosnia and Herzegovina,Iran,4,1,0,3,7,11,2006-05-31,2020-11-12,martj42/international_results results.csv,https://github.com/martj42/international_results/blob/master/results.csv
Bosnia and Herzegovina,Iraq,0,0,0,0,0,0,,,,
Bosnia and Herzegovina,Ivory Coast,1,1,0,0,2,1,2014-05-30,2014-05-30,martj42/international_results results.csv,https://github.com/martj42/international_results/blob/master/results.csv
Bosnia and Herzegovina,Japan,2,1,0,1,2,4,2008-01-30,2016-06-07,martj42/international_results results.csv,https://github.com/martj42/international_results/blob/master/results.csv
Bosnia and Herzegovina,Jordan,0,0,0,0,0,0,,,,
Bosnia and Herzegovina,Mexico,4,1,0,3,2,5,2011-02-09,2018-01-31,martj42/international_results results.csv,https://github.com/martj42/international_results/blob/master/results.csv
Bosnia and Herzegovina,Morocco,0,0,0,0,0,0,,,,
Bosnia and Herzegovina,Netherlands,4,0,2,2,4,9,2020-10-11,2024-11-19,martj42/international_results results.csv,https://github.com/martj42/international_results/blob/master/results.csv
Bosnia and Herzegovina,New Zealand,0,0,0,0,0,0,,,,
Bosnia and Herzegovina,Norway,2,1,0,1,2,3,2007-03-24,2007-10-17,martj42/international_results results.csv,https://github.com/martj42/international_results/blob/master/results.csv
Bosnia and Herzegovina,Panama,0,0,0,0,0,0,,,,
Bosnia and Herzegovina,Paraguay,0,0,0,0,0,0,,,,
Bosnia and Herzegovina,Portugal,6,0,1,5,2,16,2009-11-14,2023-10-16,martj42/international_results results.csv,https://github.com/martj42/international_results/blob/master/results.csv
Bosnia and Herzegovina,Qatar,1,0,1,0,1,1,2010-08-10,2010-08-10,martj42/international_results results.csv,https://github.com/martj42/international_results/blob/master/results.csv
Bosnia and Herzegovina,Saudi Arabia,0,0,0,0,0,0,,,,
Bosnia and Herzegovina,Scotland,0,0,0,0,0,0,,,,
Bosnia and Herzegovina,Senegal,1,0,1,0,0,0,2018-03-27,2018-03-27,martj42/international_results results.csv,https://github.com/martj42/international_results/blob/master/results.csv
Bosnia and Herzegovina,South Africa,0,0,0,0,0,0,,,,
Bosnia and Herzegovina,South Korea,1,1,0,0,3,1,2018-06-01,2018-06-01,martj42/international_results results.csv,https://github.com/martj42/international_results/blob/master/results.csv
Bosnia and Herzegovina,Spain,4,0,0,4,3,10,2008-09-06,2018-11-18,martj42/international_results results.csv,https://github.com/martj42/international_results/blob/master/results.csv
Bosnia and Herzegovina,Sweden,1,0,0,1,2,4,2010-05-29,2010-05-29,martj42/international_results results.csv,https://github.com/martj42/international_results/blob/master/results.csv
Bosnia and Herzegovina,Switzerland,1,1,0,0,2,0,2016-03-29,2016-03-29,martj42/international_results results.csv,https://github.com/martj42/international_results/blob/master/results.csv
Bosnia and Herzegovina,Tunisia,0,0,0,0,0,0,,,,
Bosnia and Herzegovina,Turkey,5,1,2,2,5,6,2007-06-02,2018-10-11,martj42/international_results results.csv,https://github.com/martj42/international_results/blob/master/results.csv
Bosnia and Herzegovina,United States,3,0,1,2,3,5,2013-08-14,2021-12-18,martj42/international_results results.csv,https://github.com/martj42/international_results/blob/master/results.csv
Bosnia and Herzegovina,Uruguay,0,0,0,0,0,0,,,,
Bosnia and Herzegovina,Uzbekistan,1,0,1,0,0,0,2009-06-01,2009-06-01,martj42/international_results results.csv,https://github.com/martj42/international_results/blob/master/results.csv
Brazil,Canada,1,1,0,0,3,2,2008-05-31,2008-05-31,martj42/international_results results.csv,https://github.com/martj42/international_results/blob/master/results.csv
Brazil,Cape Verde,0,0,0,0,0,0,,,,
Brazil,Colombia,16,7,7,2,17,12,2007-10-14,2025-03-20,martj42/international_results results.csv,https://github.com/martj42/international_results/blob/master/results.csv
Brazil,Croatia,5,4,1,0,10,3,2006-06-13,2026-03-31,martj42/international_results results.csv,https://github.com/martj42/international_results/blob/master/results.csv
Brazil,Curacao,0,0,0,0,0,0,,,,
Brazil,Czech Republic,1,1,0,0,3,1,2019-03-26,2019-03-26,martj42/international_results results.csv,https://github.com/martj42/international_results/blob/master/results.csv
Brazil,DR Congo,0,0,0,0,0,0,,,,
Brazil,Ecuador,13,8,5,0,23,6,2006-10-10,2025-06-05,martj42/international_results results.csv,https://github.com/martj42/international_results/blob/master/results.csv
Brazil,Egypt,2,2,0,0,6,3,2009-06-15,2011-11-14,martj42/international_results results.csv,https://github.com/martj42/international_results/blob/master/results.csv
Brazil,England,6,2,3,1,6,5,2007-06-01,2024-03-23,martj42/international_results results.csv,https://github.com/martj42/international_results/blob/master/results.csv
Brazil,France,5,2,0,3,7,5,2006-07-01,2026-03-26,martj42/international_results results.csv,https://github.com/martj42/international_results/blob/master/results.csv
Brazil,Germany,3,1,0,2,4,10,2011-08-10,2018-03-27,martj42/international_results results.csv,https://github.com/martj42/international_results/blob/master/results.csv
Brazil,Ghana,4,4,0,0,8,0,2006-06-27,2022-09-23,martj42/international_results results.csv,https://github.com/martj42/international_results/blob/master/results.csv
Brazil,Haiti,1,1,0,0,7,1,2016-06-08,2016-06-08,martj42/international_results results.csv,https://github.com/martj42/international_results/blob/master/results.csv
Brazil,Iran,1,1,0,0,3,0,2010-10-07,2010-10-07,martj42/international_results results.csv,https://github.com/martj42/international_results/blob/master/results.csv
Brazil,Iraq,1,1,0,0,6,0,2012-10-11,2012-10-11,martj42/international_results results.csv,https://github.com/martj42/international_results/blob/master/results.csv
Brazil,Ivory Coast,1,1,0,0,3,1,2010-06-20,2010-06-20,martj42/international_results results.csv,https://github.com/martj42/international_results/blob/master/results.csv
Brazil,Japan,7,6,0,1,21,5,2006-06-22,2025-10-14,martj42/international_results results.csv,https://github.com/martj42/international_results/blob/master/results.csv
Brazil,Jordan,0,0,0,0,0,0,,,,
Brazil,Mexico,9,6,1,2,14,8,2007-06-27,2024-06-08,martj42/international_results results.csv,https://github.com/martj42/international_results/blob/master/results.csv
Brazil,Morocco,1,0,0,1,1,2,2023-03-25,2023-03-25,martj42/international_results results.csv,https://github.com/martj42/international_results/blob/master/results.csv
Brazil,Netherlands,3,0,1,2,1,5,2010-07-02,2014-07-12,martj42/international_results results.csv,https://github.com/martj42/international_results/blob/master/results.csv
Brazil,New Zealand,1,1,0,0,4,0,2006-06-04,2006-06-04,martj42/international_results results.csv,https://github.com/martj42/international_results/blob/master/results.csv
Brazil,Norway,1,0,1,0,1,1,2006-08-16,2006-08-16,martj42/international_results results.csv,https://github.com/martj42/international_results/blob/master/results.csv
Brazil,Panama,2,1,1,0,5,1,2014-06-03,2019-03-23,martj42/international_results results.csv,https://github.com/martj42/international_results/blob/master/results.csv
Brazil,Paraguay,13,6,5,2,21,10,2008-06-15,2025-06-10,martj42/international_results results.csv,https://github.com/martj42/international_results/blob/master/results.csv
Brazil,Portugal,4,2,1,1,9,5,2007-02-06,2013-09-10,martj42/international_results results.csv,https://github.com/martj42/international_results/blob/master/results.csv
Brazil,Qatar,1,1,0,0,2,0,2019-06-05,2019-06-05,martj42/international_results results.csv,https://github.com/martj42/international_results/blob/master/results.csv
Brazil,Saudi Arabia,1,1,0,0,2,0,2018-10-12,2018-10-12,martj42/international_results results.csv,https://github.com/martj42/international_results/blob/master/results.csv
Brazil,Scotland,1,1,0,0,2,0,2011-03-27,2011-03-27,martj42/international_results results.csv,https://github.com/martj42/international_results/blob/master/results.csv
Brazil,Senegal,3,1,1,1,5,5,2019-10-10,2025-11-15,martj42/international_results results.csv,https://github.com/martj42/international_results/blob/master/results.csv
Brazil,South Africa,3,3,0,0,7,0,2009-06-25,2014-03-05,martj42/international_results results.csv,https://github.com/martj42/international_results/blob/master/results.csv
Brazil,South Korea,5,5,0,0,19,2,2013-10-12,2025-10-10,martj42/international_results results.csv,https://github.com/martj42/international_results/blob/master/results.csv
Brazil,Spain,2,1,1,0,6,3,2013-06-30,2024-03-26,martj42/international_results results.csv,https://github.com/martj42/international_results/blob/master/results.csv
Brazil,Sweden,2,2,0,0,4,0,2008-03-26,2012-08-15,martj42/international_results results.csv,https://github.com/martj42/international_results/blob/master/results.csv
Brazil,Switzerland,4,2,1,1,4,3,2006-11-15,2022-11-28,martj42/international_results results.csv,https://github.com/martj42/international_results/blob/master/results.csv
Brazil,Tunisia,2,1,1,0,6,2,2022-09-27,2025-11-18,martj42/international_results results.csv,https://github.com/martj42/international_results/blob/master/results.csv
Brazil,Turkey,2,1,1,0,4,0,2007-06-05,2014-11-12,martj42/international_results results.csv,https://github.com/martj42/international_results/blob/master/results.csv
Brazil,United States,8,7,1,0,23,7,2007-09-09,2024-06-12,martj42/international_results results.csv,https://github.com/martj42/international_results/blob/master/results.csv
Brazil,Uruguay,12,7,4,1,24,11,2007-07-10,2024-11-19,martj42/international_results results.csv,https://github.com/martj42/international_results/blob/master/results.csv
Brazil,Uzbekistan,0,0,0,0,0,0,,,,
Canada,Cape Verde,0,0,0,0,0,0,,,,
Canada,Colombia,1,0,1,0,0,0,2025-10-14,2025-10-14,martj42/international_results results.csv,https://github.com/martj42/international_results/blob/master/results.csv
Canada,Croatia,1,0,0,1,1,4,2022-11-27,2022-11-27,martj42/international_results results.csv,https://github.com/martj42/international_results/blob/master/results.csv
Canada,Curacao,0,0,0,0,0,0,,,,
Canada,Czech Republic,1,0,0,1,0,2,2013-11-15,2013-11-15,martj42/international_results results.csv,https://github.com/martj42/international_results/blob/master/results.csv
Canada,DR Congo,0,0,0,0,0,0,,,,
Canada,Ecuador,2,0,2,0,2,2,2011-06-01,2025-11-13,martj42/international_results results.csv,https://github.com/martj42/international_results/blob/master/results.csv
Canada,Egypt,0,0,0,0,0,0,,,,
Canada,England,0,0,0,0,0,0,,,,
Canada,France,1,0,1,0,0,0,2024-06-09,2024-06-09,martj42/international_results results.csv,https://github.com/martj42/international_results/blob/master/results.csv
Canada,Germany,0,0,0,0,0,0,,,,
Canada,Ghana,0,0,0,0,0,0,,,,
Canada,Haiti,5,4,0,1,12,4,2007-06-11,2021-07-15,martj42/international_results results.csv,https://github.com/martj42/international_results/blob/master/results.csv
Canada,Iran,0,0,0,0,0,0,,,,
Canada,Iraq,0,0,0,0,0,0,,,,
Canada,Ivory Coast,1,0,1,0,0,0,2025-06-10,2025-06-10,martj42/international_results results.csv,https://github.com/martj42/international_results/blob/master/results.csv
Canada,Japan,3,1,0,2,4,7,2013-03-22,2023-10-13,martj42/international_results results.csv,https://github.com/martj42/international_results/blob/master/results.csv
Canada,Jordan,0,0,0,0,0,0,,,,
Canada,Mexico,11,1,3,7,8,20,2008-09-10,2025-03-20,martj42/international_results results.csv,https://github.com/martj42/international_results/blob/master/results.csv
Canada,Morocco,2,0,0,2,1,6,2016-10-11,2022-12-01,martj42/international_results results.csv,https://github.com/martj42/international_results/blob/master/results.csv
Canada,Netherlands,1,0,0,1,0,4,2024-06-06,2024-06-06,martj42/international_results results.csv,https://github.com/martj42/international_results/blob/master/results.csv
Canada,New Zealand,1,1,0,0,1,0,2018-03-24,2018-03-24,martj42/international_results results.csv,https://github.com/martj42/international_results/blob/master/results.csv
Canada,Norway,0,0,0,0,0,0,,,,
Canada,Panama,10,4,4,2,12,8,2008-06-04,2024-10-15,martj42/international_results results.csv,https://github.com/martj42/international_results/blob/master/results.csv
Canada,Paraguay,0,0,0,0,0,0,,,,
Canada,Portugal,0,0,0,0,0,0,,,,
Canada,Qatar,1,1,0,0,2,0,2022-09-23,2022-09-23,martj42/international_results results.csv,https://github.com/martj42/international_results/blob/master/results.csv
Canada,Saudi Arabia,0,0,0,0,0,0,,,,
Canada,Scotland,1,0,1,0,1,1,2017-03-22,2017-03-22,martj42/international_results results.csv,https://github.com/martj42/international_results/blob/master/results.csv
Canada,Senegal,0,0,0,0,0,0,,,,
Canada,South Africa,1,0,0,1,0,2,2007-11-20,2007-11-20,martj42/international_results results.csv,https://github.com/martj42/international_results/blob/master/results.csv
Canada,South Korea,1,0,0,1,0,2,2016-11-11,2016-11-11,martj42/international_results results.csv,https://github.com/martj42/international_results/blob/master/results.csv
Canada,Spain,0,0,0,0,0,0,,,,
Canada,Sweden,0,0,0,0,0,0,,,,
Canada,Switzerland,0,0,0,0,0,0,,,,
Canada,Tunisia,1,0,1,0,0,0,2026-03-31,2026-03-31,martj42/international_results results.csv,https://github.com/martj42/international_results/blob/master/results.csv
Canada,Turkey,0,0,0,0,0,0,,,,
Canada,United States,13,4,4,5,13,16,2007-06-21,2025-03-23,martj42/international_results results.csv,https://github.com/martj42/international_results/blob/master/results.csv
Canada,Uruguay,2,0,1,1,2,4,2022-09-27,2024-07-13,martj42/international_results results.csv,https://github.com/martj42/international_results/blob/master/results.csv
Canada,Uzbekistan,1,1,0,0,2,1,2016-06-07,2016-06-07,martj42/international_results results.csv,https://github.com/martj42/international_results/blob/master/results.csv
Cape Verde,Colombia,0,0,0,0,0,0,,,,
Cape Verde,Croatia,0,0,0,0,0,0,,,,
Cape Verde,Curacao,0,0,0,0,0,0,,,,
Cape Verde,Czech Republic,0,0,0,0,0,0,,,,
Cape Verde,DR Congo,1,0,1,0,0,0,2015-01-22,2015-01-22,martj42/international_results results.csv,https://github.com/martj42/international_results/blob/master/results.csv
Cape Verde,Ecuador,1,0,0,1,0,1,2022-06-11,2022-06-11,martj42/international_results results.csv,https://github.com/martj42/international_results/blob/master/results.csv
Cape Verde,Egypt,4,0,3,1,4,7,2024-01-22,2025-11-17,martj42/international_results results.csv,https://github.com/martj42/international_results/blob/master/results.csv
Cape Verde,England,0,0,0,0,0,0,,,,
Cape Verde,France,0,0,0,0,0,0,,,,
Cape Verde,Germany,0,0,0,0,0,0,,,,
Cape Verde,Ghana,3,1,0,2,2,4,2012-11-14,2024-01-14,martj42/international_results results.csv,https://github.com/martj42/international_results/blob/master/results.csv
Cape Verde,Haiti,0,0,0,0,0,0,,,,
Cape Verde,Iran,1,0,1,0,0,0,2025-11-13,2025-11-13,martj42/international_results results.csv,https://github.com/martj42/international_results/blob/master/results.csv
Cape Verde,Iraq,0,0,0,0,0,0,,,,
Cape Verde,Ivory Coast,0,0,0,0,0,0,,,,
Cape Verde,Japan,0,0,0,0,0,0,,,,
Cape Verde,Jordan,0,0,0,0,0,0,,,,
Cape Verde,Mexico,0,0,0,0,0,0,,,,
Cape Verde,Morocco,4,0,2,2,1,4,2013-01-23,2023-06-12,martj42/international_results results.csv,https://github.com/martj42/international_results/blob/master/results.csv
Cape Verde,Netherlands,0,0,0,0,0,0,,,,
Cape Verde,New Zealand,0,0,0,0,0,0,,,,
Cape Verde,Norway,0,0,0,0,0,0,,,,
Cape Verde,Panama,0,0,0,0,0,0,,,,
Cape Verde,Paraguay,0,0,0,0,0,0,,,,
Cape Verde,Portugal,2,1,1,0,2,0,2010-05-24,2015-03-31,martj42/international_results results.csv,https://github.com/martj42/international_results/blob/master/results.csv
Cape Verde,Qatar,0,0,0,0,0,0,,,,
Cape Verde,Saudi Arabia,0,0,0,0,0,0,,,,
Cape Verde,Scotland,0,0,0,0,0,0,,,,
Cape Verde,Senegal,5,0,0,5,0,9,2010-08-11,2022-01-25,martj42/international_results results.csv,https://github.com/martj42/international_results/blob/master/results.csv
Cape Verde,South Africa,4,2,2,0,4,2,2013-01-19,2024-02-03,martj42/international_results results.csv,https://github.com/martj42/international_results/blob/master/results.csv
Cape Verde,South Korea,0,0,0,0,0,0,,,,
Cape Verde,Spain,0,0,0,0,0,0,,,,
Cape Verde,Sweden,0,0,0,0,0,0,,,,
Cape Verde,Switzerland,0,0,0,0,0,0,,,,
Cape Verde,Tunisia,4,0,1,3,2,8,2012-06-09,2024-01-10,martj42/international_results results.csv,https://github.com/martj42/international_results/blob/master/results.csv
Cape Verde,Turkey,0,0,0,0,0,0,,,,
Cape Verde,United States,0,0,0,0,0,0,,,,
Cape Verde,Uruguay,0,0,0,0,0,0,,,,
Cape Verde,Uzbekistan,0,0,0,0,0,0,,,,
Colombia,Croatia,1,0,0,1,1,2,2026-03-26,2026-03-26,martj42/international_results results.csv,https://github.com/martj42/international_results/blob/master/results.csv
Colombia,Curacao,0,0,0,0,0,0,,,,
Colombia,Czech Republic,0,0,0,0,0,0,,,,
Colombia,DR Congo,0,0,0,0,0,0,,,,
Colombia,Ecuador,16,9,3,4,17,11,2007-06-23,2024-11-19,martj42/international_results results.csv,https://github.com/martj42/international_results/blob/master/results.csv
Colombia,Egypt,1,0,1,0,0,0,2018-06-01,2018-06-01,martj42/international_results results.csv,https://github.com/martj42/international_results/blob/master/results.csv
Colombia,England,1,0,1,0,1,1,2018-07-03,2018-07-03,martj42/international_results results.csv,https://github.com/martj42/international_results/blob/master/results.csv
Colombia,France,3,1,0,2,4,6,2008-06-03,2026-03-29,martj42/international_results results.csv,https://github.com/martj42/international_results/blob/master/results.csv
Colombia,Germany,2,1,0,1,2,3,2006-06-02,2023-06-20,martj42/international_results results.csv,https://github.com/martj42/international_results/blob/master/results.csv
Colombia,Ghana,0,0,0,0,0,0,,,,
Colombia,Haiti,1,1,0,0,2,0,2009-02-11,2009-02-11,martj42/international_results results.csv,https://github.com/martj42/international_results/blob/master/results.csv
Colombia,Iran,0,0,0,0,0,0,,,,
Colombia,Iraq,1,1,0,0,1,0,2023-06-16,2023-06-16,martj42/international_results results.csv,https://github.com/martj42/international_results/blob/master/results.csv
Colombia,Ivory Coast,1,1,0,0,2,1,2014-06-19,2014-06-19,martj42/international_results results.csv,https://github.com/martj42/international_results/blob/master/results.csv
Colombia,Japan,5,3,1,1,8,4,2007-06-05,2023-03-28,martj42/international_results results.csv,https://github.com/martj42/international_results/blob/master/results.csv
Colombia,Jordan,1,1,0,0,3,0,2014-06-06,2014-06-06,martj42/international_results results.csv,https://github.com/martj42/international_results/blob/master/results.csv
Colombia,Mexico,7,6,0,1,15,6,2007-08-22,2025-10-11,martj42/international_results results.csv,https://github.com/martj42/international_results/blob/master/results.csv
Colombia,Morocco,1,1,0,0,2,0,2006-06-04,2006-06-04,martj42/international_results results.csv,https://github.com/martj42/international_results/blob/master/results.csv
Colombia,Netherlands,1,0,1,0,0,0,2013-11-19,2013-11-19,martj42/international_results results.csv,https://github.com/martj42/international_results/blob/master/results.csv
Colombia,New Zealand,1,1,0,0,2,1,2025-11-15,2025-11-15,martj42/international_results results.csv,https://github.com/martj42/international_results/blob/master/results.csv
Colombia,Norway,0,0,0,0,0,0,,,,
Colombia,Panama,3,3,0,0,12,0,2007-05-09,2024-07-06,martj42/international_results results.csv,https://github.com/martj42/international_results/blob/master/results.csv
Colombia,Paraguay,17,11,3,3,22,14,2007-03-28,2025-03-25,martj42/international_results results.csv,https://github.com/martj42/international_results/blob/master/results.csv
Colombia,Portugal,0,0,0,0,0,0,,,,
Colombia,Qatar,1,1,0,0,1,0,2019-06-19,2019-06-19,martj42/international_results results.csv,https://github.com/martj42/international_results/blob/master/results.csv
Colombia,Saudi Arabia,1,1,0,0,1,0,2022-06-05,2022-06-05,martj42/international_results results.csv,https://github.com/martj42/international_results/blob/master/results.csv
Colombia,Scotland,0,0,0,0,0,0,,,,
Colombia,Senegal,3,2,1,0,5,2,2011-06-25,2018-06-28,martj42/international_results results.csv,https://github.com/martj42/international_results/blob/master/results.csv
Colombia,South Africa,1,0,0,1,1,2,2010-05-27,2010-05-27,martj42/international_results results.csv,https://github.com/martj42/international_results/blob/master/results.csv
Colombia,South Korea,3,0,1,2,4,6,2017-11-10,2023-03-24,martj42/international_results results.csv,https://github.com/martj42/international_results/blob/master/results.csv
Colombia,Spain,3,1,1,1,3,3,2011-02-09,2024-03-22,martj42/international_results results.csv,https://github.com/martj42/international_results/blob/master/results.csv
Colombia,Sweden,0,0,0,0,0,0,,,,
Colombia,Switzerland,1,1,0,0,3,1,2007-03-25,2007-03-25,martj42/international_results results.csv,https://github.com/martj42/international_results/blob/master/results.csv
Colombia,Tunisia,1,0,1,0,1,1,2014-03-05,2014-03-05,martj42/international_results results.csv,https://github.com/martj42/international_results/blob/master/results.csv
Colombia,Turkey,0,0,0,0,0,0,,,,
Colombia,United States,8,6,2,0,15,4,2007-07-05,2024-06-08,martj42/international_results results.csv,https://github.com/martj42/international_results/blob/master/results.csv
Colombia,Uruguay,15,3,5,7,17,24,2007-02-07,2024-11-15,martj42/international_results results.csv,https://github.com/martj42/international_results/blob/master/results.csv
Colombia,Uzbekistan,0,0,0,0,0,0,,,,
Croatia,Curacao,0,0,0,0,0,0,,,,
Croatia,Czech Republic,5,2,3,0,12,6,2011-02-09,2025-10-09,martj42/international_results results.csv,https://github.com/martj42/international_results/blob/master/results.csv
Croatia,DR Congo,0,0,0,0,0,0,,,,
Croatia,Ecuador,0,0,0,0,0,0,,,,
Croatia,Egypt,1,1,0,0,4,2,2024-03-26,2024-03-26,martj42/international_results results.csv,https://github.com/martj42/international_results/blob/master/results.csv
Croatia,England,8,3,1,4,10,15,2006-10-11,2021-06-13,martj42/international_results results.csv,https://github.com/martj42/international_results/blob/master/results.csv
Croatia,France,8,2,2,4,9,13,2011-03-29,2025-03-23,martj42/international_results results.csv,https://github.com/martj42/international_results/blob/master/results.csv
Croatia,Germany,1,1,0,0,2,1,2008-06-12,2008-06-12,martj42/international_results results.csv,https://github.com/martj42/international_results/blob/master/results.csv
Croatia,Ghana,0,0,0,0,0,0,,,,
Croatia,Haiti,0,0,0,0,0,0,,,,
Croatia,Iran,1,0,1,0,2,2,2006-05-28,2006-05-28,martj42/international_results results.csv,https://github.com/martj42/international_results/blob/master/results.csv
Croatia,Iraq,0,0,0,0,0,0,,,,
Croatia,Ivory Coast,0,0,0,0,0,0,,,,
Croatia,Japan,2,0,2,0,1,1,2006-06-18,2022-12-05,martj42/international_results results.csv,https://github.com/martj42/international_results/blob/master/results.csv
Croatia,Jordan,1,1,0,0,2,1,2018-10-15,2018-10-15,martj42/international_results results.csv,https://github.com/martj42/international_results/blob/master/results.csv
Croatia,Mexico,3,2,0,1,4,4,2014-06-23,2018-03-27,martj42/international_results results.csv,https://github.com/martj42/international_results/blob/master/results.csv
Croatia,Morocco,2,1,1,0,2,1,2022-11-23,2022-12-17,martj42/international_results results.csv,https://github.com/martj42/international_results/blob/master/results.csv
Croatia,Netherlands,2,1,0,1,4,5,2008-02-06,2023-06-14,martj42/international_results results.csv,https://github.com/martj42/international_results/blob/master/results.csv
Croatia,New Zealand,0,0,0,0,0,0,,,,
Croatia,Norway,5,3,1,1,10,6,2007-02-07,2015-09-06,martj42/international_results results.csv,https://github.com/martj42/international_results/blob/master/results.csv
Croatia,Panama,0,0,0,0,0,0,,,,
Croatia,Paraguay,0,0,0,0,0,0,,,,
Croatia,Portugal,8,1,2,5,8,14,2013-06-10,2024-11-18,martj42/international_results results.csv,https://github.com/martj42/international_results/blob/master/results.csv
Croatia,Qatar,1,1,0,0,3,2,2009-10-08,2009-10-08,martj42/international_results results.csv,https://github.com/martj42/international_results/blob/master/results.csv
Croatia,Saudi Arabia,1,1,0,0,1,0,2022-11-16,2022-11-16,martj42/international_results results.csv,https://github.com/martj42/international_results/blob/master/results.csv
Croatia,Scotland,6,2,1,3,6,7,2008-03-26,2024-11-15,martj42/international_results results.csv,https://github.com/martj42/international_results/blob/master/results.csv
Croatia,Senegal,1,1,0,0,2,1,2018-06-08,2018-06-08,martj42/international_results results.csv,https://github.com/martj42/international_results/blob/master/results.csv
Croatia,South Africa,0,0,0,0,0,0,,,,
Croatia,South Korea,2,2,0,0,6,1,2013-02-06,2013-09-10,martj42/international_results results.csv,https://github.com/martj42/international_results/blob/master/results.csv
Croatia,Spain,8,2,1,5,9,20,2006-06-07,2024-06-15,martj42/international_results results.csv,https://github.com/martj42/international_results/blob/master/results.csv
Croatia,Sweden,3,1,0,2,4,6,2012-02-29,2020-11-14,martj42/international_results results.csv,https://github.com/martj42/international_results/blob/master/results.csv
Croatia,Switzerland,3,1,1,1,6,7,2012-08-15,2020-10-07,martj42/international_results results.csv,https://github.com/martj42/international_results/blob/master/results.csv
Croatia,Tunisia,2,0,1,1,1,2,2019-06-11,2024-03-23,martj42/international_results results.csv,https://github.com/martj42/international_results/blob/master/results.csv
Croatia,Turkey,9,3,4,2,11,7,2008-06-20,2023-10-12,martj42/international_results results.csv,https://github.com/martj42/international_results/blob/master/results.csv
Croatia,United States,0,0,0,0,0,0,,,,
Croatia,Uruguay,0,0,0,0,0,0,,,,
Croatia,Uzbekistan,0,0,0,0,0,0,,,,
Curacao,Czech Republic,0,0,0,0,0,0,,,,
Curacao,DR Congo,0,0,0,0,0,0,,,,
Curacao,Ecuador,0,0,0,0,0,0,,,,
Curacao,Egypt,0,0,0,0,0,0,,,,
Curacao,England,0,0,0,0,0,0,,,,
Curacao,France,0,0,0,0,0,0,,,,
Curacao,Germany,0,0,0,0,0,0,,,,
Curacao,Ghana,0,0,0,0,0,0,,,,
Curacao,Haiti,0,0,0,0,0,0,,,,
Curacao,Iran,0,0,0,0,0,0,,,,
Curacao,Iraq,0,0,0,0,0,0,,,,
Curacao,Ivory Coast,0,0,0,0,0,0,,,,
Curacao,Japan,0,0,0,0,0,0,,,,
Curacao,Jordan,0,0,0,0,0,0,,,,
Curacao,Mexico,0,0,0,0,0,0,,,,
Curacao,Morocco,0,0,0,0,0,0,,,,
Curacao,Netherlands,0,0,0,0,0,0,,,,
Curacao,New Zealand,0,0,0,0,0,0,,,,
Curacao,Norway,0,0,0,0,0,0,,,,
Curacao,Panama,0,0,0,0,0,0,,,,
Curacao,Paraguay,0,0,0,0,0,0,,,,
Curacao,Portugal,0,0,0,0,0,0,,,,
Curacao,Qatar,0,0,0,0,0,0,,,,
Curacao,Saudi Arabia,0,0,0,0,0,0,,,,
Curacao,Scotland,0,0,0,0,0,0,,,,
Curacao,Senegal,0,0,0,0,0,0,,,,
Curacao,South Africa,0,0,0,0,0,0,,,,
Curacao,South Korea,0,0,0,0,0,0,,,,
Curacao,Spain,0,0,0,0,0,0,,,,
Curacao,Sweden,0,0,0,0,0,0,,,,
Curacao,Switzerland,0,0,0,0,0,0,,,,
Curacao,Tunisia,0,0,0,0,0,0,,,,
Curacao,Turkey,0,0,0,0,0,0,,,,
Curacao,United States,0,0,0,0,0,0,,,,
Curacao,Uruguay,0,0,0,0,0,0,,,,
Curacao,Uzbekistan,0,0,0,0,0,0,,,,
Czech Republic,DR Congo,0,0,0,0,0,0,,,,
Czech Republic,Ecuador,0,0,0,0,0,0,,,,
Czech Republic,Egypt,0,0,0,0,0,0,,,,
Czech Republic,England,4,1,1,2,4,9,2008-08-20,2021-06-22,martj42/international_results results.csv,https://github.com/martj42/international_results/blob/master/results.csv
Czech Republic,France,0,0,0,0,0,0,,,,
Czech Republic,Germany,5,1,0,4,5,8,2007-03-24,2020-11-11,martj42/international_results results.csv,https://github.com/martj42/international_results/blob/master/results.csv
Czech Republic,Ghana,1,0,0,1,0,2,2006-06-17,2006-06-17,martj42/international_results results.csv,https://github.com/martj42/international_results/blob/master/results.csv
Czech Republic,Haiti,0,0,0,0,0,0,,,,
Czech Republic,Iran,0,0,0,0,0,0,,,,
Czech Republic,Iraq,0,0,0,0,0,0,,,,
Czech Republic,Ivory Coast,0,0,0,0,0,0,,,,
Czech Republic,Japan,1,0,1,0,0,0,2011-06-07,2011-06-07,martj42/international_results results.csv,https://github.com/martj42/international_results/blob/master/results.csv
Czech Republic,Jordan,0,0,0,0,0,0,,,,
Czech Republic,Mexico,0,0,0,0,0,0,,,,
Czech Republic,Morocco,1,0,1,0,0,0,2009-02-11,2009-02-11,martj42/international_results results.csv,https://github.com/martj42/international_results/blob/master/results.csv
Czech Republic,Netherlands,3,3,0,0,7,3,2014-09-09,2021-06-27,martj42/international_results results.csv,https://github.com/martj42/international_results/blob/master/results.csv
Czech Republic,New Zealand,0,0,0,0,0,0,,,,
Czech Republic,Norway,5,2,2,1,7,8,2011-08-10,2024-03-22,martj42/international_results results.csv,https://github.com/martj42/international_results/blob/master/results.csv
Czech Republic,Panama,0,0,0,0,0,0,,,,
Czech Republic,Paraguay,0,0,0,0,0,0,,,,
Czech Republic,Portugal,5,0,0,5,2,12,2008-06-11,2024-06-18,martj42/international_results results.csv,https://github.com/martj42/international_results/blob/master/results.csv
Czech Republic,Qatar,1,1,0,0,1,0,2017-11-11,2017-11-11,martj42/international_results results.csv,https://github.com/martj42/international_results/blob/master/results.csv
Czech Republic,Saudi Arabia,1,0,1,0,1,1,2025-09-08,2025-09-08,martj42/international_results results.csv,https://github.com/martj42/international_results/blob/master/results.csv
Czech Republic,Scotland,8,3,1,4,9,8,2008-05-30,2021-06-14,martj42/international_results results.csv,https://github.com/martj42/international_results/blob/master/results.csv
Czech Republic,Senegal,0,0,0,0,0,0,,,,
Czech Republic,South Africa,0,0,0,0,0,0,,,,
Czech Republic,South Korea,1,0,0,1,1,2,2016-06-05,2016-06-05,martj42/international_results results.csv,https://github.com/martj42/international_results/blob/master/results.csv
Czech Republic,Spain,5,0,1,4,3,9,2011-03-25,2022-06-12,martj42/international_results results.csv,https://github.com/martj42/international_results/blob/master/results.csv
Czech Republic,Sweden,2,0,1,1,1,2,2016-03-29,2022-03-24,martj42/international_results results.csv,https://github.com/martj42/international_results/blob/master/results.csv
Czech Republic,Switzerland,3,2,0,1,4,3,2008-06-07,2022-09-27,martj42/international_results results.csv,https://github.com/martj42/international_results/blob/master/results.csv
Czech Republic,Tunisia,0,0,0,0,0,0,,,,
Czech Republic,Turkey,8,2,0,6,9,14,2008-06-15,2024-06-26,martj42/international_results results.csv,https://github.com/martj42/international_results/blob/master/results.csv
Czech Republic,United States,3,2,0,1,7,3,2006-06-12,2014-09-03,martj42/international_results results.csv,https://github.com/martj42/international_results/blob/master/results.csv
Czech Republic,Uruguay,1,0,0,1,0,2,2018-03-23,2018-03-23,martj42/international_results results.csv,https://github.com/martj42/international_results/blob/master/results.csv
Czech Republic,Uzbekistan,0,0,0,0,0,0,,,,
DR Congo,Ecuador,0,0,0,0,0,0,,,,
DR Congo,Egypt,6,0,2,4,5,12,2008-06-01,2024-01-28,martj42/international_results results.csv,https://github.com/martj42/international_results/blob/master/results.csv
DR Congo,England,0,0,0,0,0,0,,,,
DR Congo,France,0,0,0,0,0,0,,,,
DR Congo,Germany,0,0,0,0,0,0,,,,
DR Congo,Ghana,2,0,1,1,3,4,2013-01-20,2017-01-29,martj42/international_results results.csv,https://github.com/martj42/international_results/blob/master/results.csv
DR Congo,Haiti,0,0,0,0,0,0,,,,
DR Congo,Iran,0,0,0,0,0,0,,,,
DR Congo,Iraq,2,0,0,2,1,3,2015-03-28,2015-03-31,martj42/international_results results.csv,https://github.com/martj42/international_results/blob/master/results.csv
DR Congo,Ivory Coast,6,1,1,4,9,14,2014-10-11,2024-02-07,martj42/international_results results.csv,https://github.com/martj42/international_results/blob/master/results.csv
DR Congo,Japan,0,0,0,0,0,0,,,,
DR Congo,Jordan,0,0,0,0,0,0,,,,
DR Congo,Mexico,0,0,0,0,0,0,,,,
DR Congo,Morocco,5,1,3,1,5,7,2017-01-16,2024-01-21,martj42/international_results results.csv,https://github.com/martj42/international_results/blob/master/results.csv
DR Congo,Netherlands,0,0,0,0,0,0,,,,
DR Congo,New Zealand,1,0,1,0,1,1,2023-10-13,2023-10-13,martj42/international_results results.csv,https://github.com/martj42/international_results/blob/master/results.csv
DR Congo,Norway,0,0,0,0,0,0,,,,
DR Congo,Panama,0,0,0,0,0,0,,,,
DR Congo,Paraguay,0,0,0,0,0,0,,,,
DR Congo,Portugal,0,0,0,0,0,0,,,,
DR Congo,Qatar,1,0,1,0,2,2,2009-10-14,2009-10-14,martj42/international_results results.csv,https://github.com/martj42/international_results/blob/master/results.csv
DR Congo,Saudi Arabia,1,0,0,1,0,2,2010-05-21,2010-05-21,martj42/international_results results.csv,https://github.com/martj42/international_results/blob/master/results.csv
DR Congo,Scotland,0,0,0,0,0,0,,,,
DR Congo,Senegal,6,0,2,4,7,13,2009-08-12,2025-12-27,martj42/international_results results.csv,https://github.com/martj42/international_results/blob/master/results.csv
DR Congo,South Africa,2,0,1,1,0,1,2023-09-12,2024-02-10,martj42/international_results results.csv,https://github.com/martj42/international_results/blob/master/results.csv
DR Congo,South Korea,0,0,0,0,0,0,,,,
DR Congo,Spain,0,0,0,0,0,0,,,,
DR Congo,Sweden,0,0,0,0,0,0,,,,
DR Congo,Switzerland,0,0,0,0,0,0,,,,
DR Congo,Tunisia,4,0,2,2,4,6,2015-01-26,2021-06-05,martj42/international_results results.csv,https://github.com/martj42/international_results/blob/master/results.csv
DR Congo,Turkey,0,0,0,0,0,0,,,,
DR Congo,United States,0,0,0,0,0,0,,,,
DR Congo,Uruguay,0,0,0,0,0,0,,,,
DR Congo,Uzbekistan,0,0,0,0,0,0,,,,
Ecuador,Egypt,0,0,0,0,0,0,,,,
Ecuador,England,2,0,1,1,2,3,2006-06-25,2014-06-04,martj42/international_results results.csv,https://github.com/martj42/international_results/blob/master/results.csv
Ecuador,France,2,0,1,1,0,2,2008-05-27,2014-06-25,martj42/international_results results.csv,https://github.com/martj42/international_results/blob/master/results.csv
Ecuador,Germany,2,0,0,2,2,7,2006-06-20,2013-05-29,martj42/international_results results.csv,https://github.com/martj42/international_results/blob/master/results.csv
Ecuador,Ghana,0,0,0,0,0,0,,,,
Ecuador,Haiti,2,2,0,0,7,1,2008-03-26,2016-06-12,martj42/international_results results.csv,https://github.com/martj42/international_results/blob/master/results.csv
Ecuador,Iran,1,1,0,0,1,0,2008-12-17,2008-12-17,martj42/international_results results.csv,https://github.com/martj42/international_results/blob/master/results.csv
Ecuador,Iraq,1,0,1,0,0,0,2022-11-12,2022-11-12,martj42/international_results results.csv,https://github.com/martj42/international_results/blob/master/results.csv
Ecuador,Ivory Coast,0,0,0,0,0,0,,,,
Ecuador,Japan,2,0,2,0,1,1,2019-06-24,2022-09-27,martj42/international_results results.csv,https://github.com/martj42/international_results/blob/master/results.csv
Ecuador,Jordan,0,0,0,0,0,0,,,,
Ecuador,Mexico,13,3,5,5,16,20,2007-03-28,2025-10-14,martj42/international_results results.csv,https://github.com/martj42/international_results/blob/master/results.csv
Ecuador,Morocco,1,0,1,0,1,1,2026-03-27,2026-03-27,martj42/international_results results.csv,https://github.com/martj42/international_results/blob/master/results.csv
Ecuador,Netherlands,3,0,3,0,3,3,2014-05-17,2026-03-31,martj42/international_results results.csv,https://github.com/martj42/international_results/blob/master/results.csv
Ecuador,New Zealand,1,1,0,0,2,0,2025-11-18,2025-11-18,martj42/international_results results.csv,https://github.com/martj42/international_results/blob/master/results.csv
Ecuador,Norway,0,0,0,0,0,0,,,,
Ecuador,Panama,3,2,1,0,7,2,2015-06-03,2018-11-20,martj42/international_results results.csv,https://github.com/martj42/international_results/blob/master/results.csv
Ecuador,Paraguay,11,2,5,4,13,16,2007-11-17,2025-09-04,martj42/international_results results.csv,https://github.com/martj42/international_results/blob/master/results.csv
Ecuador,Portugal,1,1,0,0,3,2,2013-02-06,2013-02-06,martj42/international_results results.csv,https://github.com/martj42/international_results/blob/master/results.csv
Ecuador,Qatar,2,1,0,1,5,4,2018-10-12,2022-11-20,martj42/international_results results.csv,https://github.com/martj42/international_results/blob/master/results.csv
Ecuador,Saudi Arabia,1,0,1,0,0,0,2022-09-23,2022-09-23,martj42/international_results results.csv,https://github.com/martj42/international_results/blob/master/results.csv
Ecuador,Scotland,0,0,0,0,0,0,,,,
Ecuador,Senegal,1,0,0,1,1,2,2022-11-29,2022-11-29,martj42/international_results results.csv,https://github.com/martj42/international_results/blob/master/results.csv
Ecuador,South Africa,0,0,0,0,0,0,,,,
Ecuador,South Korea,1,0,0,1,0,2,2010-05-16,2010-05-16,martj42/international_results results.csv,https://github.com/martj42/international_results/blob/master/results.csv
Ecuador,Spain,1,0,0,1,0,2,2013-08-14,2013-08-14,martj42/international_results results.csv,https://github.com/martj42/international_results/blob/master/results.csv
Ecuador,Sweden,2,1,1,0,3,2,2007-01-18,2007-01-21,martj42/international_results results.csv,https://github.com/martj42/international_results/blob/master/results.csv
Ecuador,Switzerland,1,0,0,1,1,2,2014-06-15,2014-06-15,martj42/international_results results.csv,https://github.com/martj42/international_results/blob/master/results.csv
Ecuador,Tunisia,0,0,0,0,0,0,,,,
Ecuador,Turkey,0,0,0,0,0,0,,,,
Ecuador,United States,5,1,1,3,4,7,2007-03-25,2025-10-10,martj42/international_results results.csv,https://github.com/martj42/international_results/blob/master/results.csv
Ecuador,Uruguay,11,4,3,4,12,14,2008-09-10,2024-10-15,martj42/international_results results.csv,https://github.com/martj42/international_results/blob/master/results.csv
Ecuador,Uzbekistan,0,0,0,0,0,0,,,,
Egypt,England,1,0,0,1,1,3,2010-03-03,2010-03-03,martj42/international_results results.csv,https://github.com/martj42/international_results/blob/master/results.csv
Egypt,France,0,0,0,0,0,0,,,,
Egypt,Germany,0,0,0,0,0,0,,,,
Egypt,Ghana,9,4,3,2,12,15,2009-02-11,2024-01-18,martj42/international_results results.csv,https://github.com/martj42/international_results/blob/master/results.csv
Egypt,Haiti,0,0,0,0,0,0,,,,
Egypt,Iran,0,0,0,0,0,0,,,,
Egypt,Iraq,1,0,1,0,0,0,2012-04-17,2012-04-17,martj42/international_results results.csv,https://github.com/martj42/international_results/blob/master/results.csv
Egypt,Ivory Coast,5,2,2,1,9,7,2007-08-22,2026-01-10,martj42/international_results results.csv,https://github.com/martj42/international_results/blob/master/results.csv
Egypt,Japan,1,0,0,1,1,4,2007-10-17,2007-10-17,martj42/international_results results.csv,https://github.com/martj42/international_results/blob/master/results.csv
Egypt,Jordan,3,1,0,2,3,5,2016-01-27,2025-12-09,martj42/international_results results.csv,https://github.com/martj42/international_results/blob/master/results.csv
Egypt,Mexico,0,0,0,0,0,0,,,,
Egypt,Morocco,2,2,0,0,3,1,2017-01-29,2022-01-30,martj42/international_results results.csv,https://github.com/martj42/international_results/blob/master/results.csv
Egypt,Netherlands,0,0,0,0,0,0,,,,
Egypt,New Zealand,1,1,0,0,1,0,2024-03-22,2024-03-22,martj42/international_results results.csv,https://github.com/martj42/international_results/blob/master/results.csv
Egypt,Norway,0,0,0,0,0,0,,,,
Egypt,Panama,0,0,0,0,0,0,,,,
Egypt,Paraguay,0,0,0,0,0,0,,,,
Egypt,Portugal,1,0,0,1,1,2,2018-03-23,2018-03-23,martj42/international_results results.csv,https://github.com/martj42/international_results/blob/master/results.csv
Egypt,Qatar,4,1,1,2,4,5,2010-12-16,2021-12-18,martj42/international_results results.csv,https://github.com/martj42/international_results/blob/master/results.csv
Egypt,Saudi Arabia,2,1,0,1,5,2,2018-06-25,2026-03-27,martj42/international_results results.csv,https://github.com/martj42/international_results/blob/master/results.csv
Egypt,Scotland,0,0,0,0,0,0,,,,
Egypt,Senegal,6,1,1,4,1,5,2014-09-05,2026-01-14,martj42/international_results results.csv,https://github.com/martj42/international_results/blob/master/results.csv
Egypt,South Africa,6,2,1,3,2,3,2006-11-15,2025-12-26,martj42/international_results results.csv,https://github.com/martj42/international_results/blob/master/results.csv
Egypt,South Korea,1,0,0,1,1,4,2022-06-14,2022-06-14,martj42/international_results results.csv,https://github.com/martj42/international_results/blob/master/results.csv
Egypt,Spain,2,0,1,1,0,2,2006-06-03,2026-03-31,martj42/international_results results.csv,https://github.com/martj42/international_results/blob/master/results.csv
Egypt,Sweden,1,1,0,0,2,0,2007-02-07,2007-02-07,martj42/international_results results.csv,https://github.com/martj42/international_results/blob/master/results.csv
Egypt,Switzerland,0,0,0,0,0,0,,,,
Egypt,Tunisia,8,2,0,6,6,11,2012-10-16,2023-09-12,martj42/international_results results.csv,https://github.com/martj42/international_results/blob/master/results.csv
Egypt,Turkey,0,0,0,0,0,0,,,,
Egypt,United States,1,0,0,1,0,3,2009-06-21,2009-06-21,martj42/international_results results.csv,https://github.com/martj42/international_results/blob/master/results.csv
Egypt,Uruguay,2,0,0,2,0,3,2006-08-16,2018-06-15,martj42/international_results results.csv,https://github.com/martj42/international_results/blob/master/results.csv
Egypt,Uzbekistan,1,0,0,1,0,2,2025-11-14,2025-11-14,martj42/international_results results.csv,https://github.com/martj42/international_results/blob/master/results.csv
England,France,6,1,1,4,7,9,2008-03-26,2022-12-10,martj42/international_results results.csv,https://github.com/martj42/international_results/blob/master/results.csv
England,Germany,10,3,3,4,13,15,2007-08-22,2022-09-26,martj42/international_results results.csv,https://github.com/martj42/international_results/blob/master/results.csv
England,Ghana,1,0,1,0,1,1,2011-03-29,2011-03-29,martj42/international_results results.csv,https://github.com/martj42/international_results/blob/master/results.csv
England,Haiti,0,0,0,0,0,0,,,,
England,Iran,1,1,0,0,6,2,2022-11-21,2022-11-21,martj42/international_results results.csv,https://github.com/martj42/international_results/blob/master/results.csv
England,Iraq,0,0,0,0,0,0,,,,
England,Ivory Coast,1,1,0,0,3,0,2022-03-29,2022-03-29,martj42/international_results results.csv,https://github.com/martj42/international_results/blob/master/results.csv
England,Japan,2,1,0,1,2,2,2010-05-30,2026-03-31,martj42/international_results results.csv,https://github.com/martj42/international_results/blob/master/results.csv
England,Jordan,0,0,0,0,0,0,,,,
England,Mexico,1,1,0,0,3,1,2010-05-24,2010-05-24,martj42/international_results results.csv,https://github.com/martj42/international_results/blob/master/results.csv
England,Morocco,0,0,0,0,0,0,,,,
England,Netherlands,7,2,2,3,10,12,2006-11-15,2024-07-10,martj42/international_results results.csv,https://github.com/martj42/international_results/blob/master/results.csv
England,New Zealand,0,0,0,0,0,0,,,,
England,Norway,2,2,0,0,2,0,2012-05-26,2014-09-03,martj42/international_results results.csv,https://github.com/martj42/international_results/blob/master/results.csv
England,Panama,1,1,0,0,6,1,2018-06-24,2018-06-24,martj42/international_results results.csv,https://github.com/martj42/international_results/blob/master/results.csv
England,Paraguay,1,1,0,0,1,0,2006-06-10,2006-06-10,martj42/international_results results.csv,https://github.com/martj42/international_results/blob/master/results.csv
England,Portugal,2,1,1,0,1,0,2006-07-01,2016-06-02,martj42/international_results results.csv,https://github.com/martj42/international_results/blob/master/results.csv
England,Qatar,0,0,0,0,0,0,,,,
England,Saudi Arabia,0,0,0,0,0,0,,,,
England,Scotland,6,4,2,0,14,6,2013-08-14,2023-09-12,martj42/international_results results.csv,https://github.com/martj42/international_results/blob/master/results.csv
England,Senegal,2,1,0,1,4,3,2022-12-04,2025-06-10,martj42/international_results results.csv,https://github.com/martj42/international_results/blob/master/results.csv
England,South Africa,0,0,0,0,0,0,,,,
England,South Korea,0,0,0,0,0,0,,,,
England,Spain,8,2,1,5,8,13,2007-02-07,2024-07-14,martj42/international_results results.csv,https://github.com/martj42/international_results/blob/master/results.csv
England,Sweden,5,3,1,1,10,8,2006-06-20,2018-07-07,martj42/international_results results.csv,https://github.com/martj42/international_results/blob/master/results.csv
England,Switzerland,9,6,3,0,15,6,2008-02-06,2024-07-06,martj42/international_results results.csv,https://github.com/martj42/international_results/blob/master/results.csv
England,Tunisia,1,1,0,0,2,1,2018-06-18,2018-06-18,martj42/international_results results.csv,https://github.com/martj42/international_results/blob/master/results.csv
England,Turkey,1,1,0,0,2,1,2016-05-22,2016-05-22,martj42/international_results results.csv,https://github.com/martj42/international_results/blob/master/results.csv
England,United States,4,2,2,0,6,1,2008-05-28,2022-11-25,martj42/international_results results.csv,https://github.com/martj42/international_results/blob/master/results.csv
England,Uruguay,2,0,1,1,2,3,2014-06-19,2026-03-27,martj42/international_results results.csv,https://github.com/martj42/international_results/blob/master/results.csv
England,Uzbekistan,0,0,0,0,0,0,,,,
France,Germany,12,6,2,4,15,11,2012-02-29,2025-06-08,martj42/international_results results.csv,https://github.com/martj42/international_results/blob/master/results.csv
France,Ghana,0,0,0,0,0,0,,,,
France,Haiti,0,0,0,0,0,0,,,,
France,Iran,0,0,0,0,0,0,,,,
France,Iraq,0,0,0,0,0,0,,,,
France,Ivory Coast,2,1,1,0,2,1,2016-11-15,2022-03-25,martj42/international_results results.csv,https://github.com/martj42/international_results/blob/master/results.csv
France,Japan,1,0,0,1,0,1,2012-10-12,2012-10-12,martj42/international_results results.csv,https://github.com/martj42/international_results/blob/master/results.csv
France,Jordan,0,0,0,0,0,0,,,,
France,Mexico,1,0,0,1,0,2,2010-06-17,2010-06-17,martj42/international_results results.csv,https://github.com/martj42/international_results/blob/master/results.csv
France,Morocco,2,1,1,0,4,2,2007-11-16,2022-12-14,martj42/international_results results.csv,https://github.com/martj42/international_results/blob/master/results.csv
France,Netherlands,10,7,1,2,19,10,2008-06-13,2024-06-21,martj42/international_results results.csv,https://github.com/martj42/international_results/blob/master/results.csv
France,New Zealand,0,0,0,0,0,0,,,,
France,Norway,2,1,0,1,5,2,2010-08-11,2014-05-27,martj42/international_results results.csv,https://github.com/martj42/international_results/blob/master/results.csv
France,Panama,0,0,0,0,0,0,,,,
France,Paraguay,3,1,2,0,6,1,2008-05-31,2017-06-02,martj42/international_results results.csv,https://github.com/martj42/international_results/blob/master/results.csv
France,Portugal,8,4,3,1,7,4,2006-07-05,2024-07-05,martj42/international_results results.csv,https://github.com/martj42/international_results/blob/master/results.csv
France,Qatar,0,0,0,0,0,0,,,,
France,Saudi Arabia,0,0,0,0,0,0,,,,
France,Scotland,4,2,0,2,7,3,2006-10-07,2023-10-17,martj42/international_results results.csv,https://github.com/martj42/international_results/blob/master/results.csv
France,Senegal,0,0,0,0,0,0,,,,
France,South Africa,2,1,0,1,6,2,2010-06-22,2022-03-29,martj42/international_results results.csv,https://github.com/martj42/international_results/blob/master/results.csv
France,South Korea,1,0,1,0,1,1,2006-06-18,2006-06-18,martj42/international_results results.csv,https://github.com/martj42/international_results/blob/master/results.csv
France,Spain,11,3,1,7,12,18,2006-06-27,2025-06-05,martj42/international_results results.csv,https://github.com/martj42/international_results/blob/master/results.csv
France,Sweden,7,5,0,2,12,9,2008-08-20,2020-11-17,martj42/international_results results.csv,https://github.com/martj42/international_results/blob/master/results.csv
France,Switzerland,4,1,3,0,8,5,2006-06-13,2021-06-28,martj42/international_results results.csv,https://github.com/martj42/international_results/blob/master/results.csv
France,Tunisia,3,1,1,1,4,3,2008-10-14,2022-11-30,martj42/international_results results.csv,https://github.com/martj42/international_results/blob/master/results.csv
France,Turkey,3,1,1,1,2,3,2009-06-05,2019-10-14,martj42/international_results results.csv,https://github.com/martj42/international_results/blob/master/results.csv
France,United States,2,1,1,0,2,1,2011-11-11,2018-06-09,martj42/international_results results.csv,https://github.com/martj42/international_results/blob/master/results.csv
France,Uruguay,6,2,3,1,3,1,2008-11-19,2018-11-20,martj42/international_results results.csv,https://github.com/martj42/international_results/blob/master/results.csv
France,Uzbekistan,0,0,0,0,0,0,,,,
Germany,Ghana,3,2,1,0,5,3,2010-06-23,2026-03-30,martj42/international_results results.csv,https://github.com/martj42/international_results/blob/master/results.csv
Germany,Haiti,0,0,0,0,0,0,,,,
Germany,Iran,0,0,0,0,0,0,,,,
Germany,Iraq,0,0,0,0,0,0,,,,
Germany,Ivory Coast,1,0,1,0,2,2,2009-11-18,2009-11-18,martj42/international_results results.csv,https://github.com/martj42/international_results/blob/master/results.csv
Germany,Japan,3,0,1,2,4,8,2006-05-30,2023-09-09,martj42/international_results results.csv,https://github.com/martj42/international_results/blob/master/results.csv
Germany,Jordan,0,0,0,0,0,0,,,,
Germany,Mexico,3,1,1,1,6,4,2017-06-29,2023-10-17,martj42/international_results results.csv,https://github.com/martj42/international_results/blob/master/results.csv
Germany,Morocco,0,0,0,0,0,0,,,,
Germany,Netherlands,11,5,4,2,18,16,2011-11-15,2024-10-14,martj42/international_results results.csv,https://github.com/martj42/international_results/blob/master/results.csv
Germany,New Zealand,0,0,0,0,0,0,,,,
Germany,Norway,3,2,0,1,9,1,2009-02-11,2017-09-04,martj42/international_results results.csv,https://github.com/martj42/international_results/blob/master/results.csv
Germany,Panama,0,0,0,0,0,0,,,,
Germany,Paraguay,1,0,1,0,3,3,2013-08-14,2013-08-14,martj42/international_results results.csv,https://github.com/martj42/international_results/blob/master/results.csv
Germany,Portugal,6,5,0,1,16,7,2006-07-08,2025-06-04,martj42/international_results results.csv,https://github.com/martj42/international_results/blob/master/results.csv
Germany,Qatar,0,0,0,0,0,0,,,,
Germany,Saudi Arabia,1,1,0,0,2,1,2018-06-08,2018-06-08,martj42/international_results results.csv,https://github.com/martj42/international_results/blob/master/results.csv
Germany,Scotland,3,3,0,0,10,4,2014-09-07,2024-06-14,martj42/international_results results.csv,https://github.com/martj42/international_results/blob/master/results.csv
Germany,Senegal,0,0,0,0,0,0,,,,
Germany,South Africa,1,1,0,0,2,0,2009-09-05,2009-09-05,martj42/international_results results.csv,https://github.com/martj42/international_results/blob/master/results.csv
Germany,South Korea,1,0,0,1,0,2,2018-06-27,2018-06-27,martj42/international_results results.csv,https://github.com/martj42/international_results/blob/master/results.csv
Germany,Spain,8,1,3,4,5,13,2008-06-29,2024-07-05,martj42/international_results results.csv,https://github.com/martj42/international_results/blob/master/results.csv
Germany,Sweden,6,4,2,0,16,8,2006-06-24,2018-06-23,martj42/international_results results.csv,https://github.com/martj42/international_results/blob/master/results.csv
Germany,Switzerland,7,3,3,1,19,14,2007-02-07,2026-03-27,martj42/international_results results.csv,https://github.com/martj42/international_results/blob/master/results.csv
Germany,Tunisia,0,0,0,0,0,0,,,,
Germany,Turkey,5,3,1,1,14,9,2008-06-25,2023-11-18,martj42/international_results results.csv,https://github.com/martj42/international_results/blob/master/results.csv
Germany,United States,4,2,0,2,8,7,2013-06-02,2023-10-14,martj42/international_results results.csv,https://github.com/martj42/international_results/blob/master/results.csv
Germany,Uruguay,2,2,0,0,5,3,2010-07-10,2011-05-29,martj42/international_results results.csv,https://github.com/martj42/international_results/blob/master/results.csv
Germany,Uzbekistan,0,0,0,0,0,0,,,,
Ghana,Haiti,0,0,0,0,0,0,,,,
Ghana,Iran,0,0,0,0,0,0,,,,
Ghana,Iraq,0,0,0,0,0,0,,,,
Ghana,Ivory Coast,6,2,3,1,8,7,2008-02-09,2021-06-12,martj42/international_results results.csv,https://github.com/martj42/international_results/blob/master/results.csv
Ghana,Japan,6,2,0,4,8,13,2006-10-04,2025-11-14,martj42/international_results results.csv,https://github.com/martj42/international_results/blob/master/results.csv
Ghana,Jordan,0,0,0,0,0,0,,,,
Ghana,Mexico,2,0,0,2,1,4,2008-03-26,2023-10-14,martj42/international_results results.csv,https://github.com/martj42/international_results/blob/master/results.csv
Ghana,Morocco,4,2,0,2,4,2,2007-09-08,2022-01-10,martj42/international_results results.csv,https://github.com/martj42/international_results/blob/master/results.csv
Ghana,Netherlands,2,0,0,2,1,5,2010-06-01,2014-05-31,martj42/international_results results.csv,https://github.com/martj42/international_results/blob/master/results.csv
Ghana,New Zealand,0,0,0,0,0,0,,,,
Ghana,Norway,0,0,0,0,0,0,,,,
Ghana,Panama,0,0,0,0,0,0,,,,
Ghana,Paraguay,0,0,0,0,0,0,,,,
Ghana,Portugal,2,0,0,2,3,5,2014-06-26,2022-11-24,martj42/international_results results.csv,https://github.com/martj42/international_results/blob/master/results.csv
Ghana,Qatar,1,1,0,0,5,1,2020-10-12,2020-10-12,martj42/international_results results.csv,https://github.com/martj42/international_results/blob/master/results.csv
Ghana,Saudi Arabia,3,1,1,1,3,5,2007-09-11,2017-10-10,martj42/international_results results.csv,https://github.com/martj42/international_results/blob/master/results.csv
Ghana,Scotland,0,0,0,0,0,0,,,,
Ghana,Senegal,3,0,1,2,3,5,2007-08-21,2015-03-28,martj42/international_results results.csv,https://github.com/martj42/international_results/blob/master/results.csv
Ghana,South Africa,9,3,3,3,8,7,2008-10-15,2021-11-14,martj42/international_results results.csv,https://github.com/martj42/international_results/blob/master/results.csv
Ghana,South Korea,6,4,0,2,14,7,2006-06-04,2025-11-18,martj42/international_results results.csv,https://github.com/martj42/international_results/blob/master/results.csv
Ghana,Spain,0,0,0,0,0,0,,,,
Ghana,Sweden,0,0,0,0,0,0,,,,
Ghana,Switzerland,1,1,0,0,2,0,2022-11-17,2022-11-17,martj42/international_results results.csv,https://github.com/martj42/international_results/blob/master/results.csv
Ghana,Tunisia,4,2,2,0,7,4,2008-11-19,2019-07-08,martj42/international_results results.csv,https://github.com/martj42/international_results/blob/master/results.csv
Ghana,Turkey,1,0,1,0,2,2,2013-08-14,2013-08-14,martj42/international_results results.csv,https://github.com/martj42/international_results/blob/master/results.csv
Ghana,United States,5,2,0,3,6,10,2006-06-22,2023-10-17,martj42/international_results results.csv,https://github.com/martj42/international_results/blob/master/results.csv
Ghana,Uruguay,2,0,1,1,1,3,2010-07-02,2022-12-02,martj42/international_results results.csv,https://github.com/martj42/international_results/blob/master/results.csv
Ghana,Uzbekistan,0,0,0,0,0,0,,,,
Haiti,Iran,0,0,0,0,0,0,,,,
Haiti,Iraq,0,0,0,0,0,0,,,,
Haiti,Ivory Coast,0,0,0,0,0,0,,,,
Haiti,Japan,1,0,1,0,3,3,2017-10-10,2017-10-10,martj42/international_results results.csv,https://github.com/martj42/international_results/blob/master/results.csv
Haiti,Jordan,1,1,0,0,2,0,2021-09-04,2021-09-04,martj42/international_results results.csv,https://github.com/martj42/international_results/blob/master/results.csv
Haiti,Mexico,3,0,0,3,1,8,2009-07-19,2023-06-29,martj42/international_results results.csv,https://github.com/martj42/international_results/blob/master/results.csv
Haiti,Morocco,0,0,0,0,0,0,,,,
Haiti,Netherlands,0,0,0,0,0,0,,,,
Haiti,New Zealand,0,0,0,0,0,0,,,,
Haiti,Norway,0,0,0,0,0,0,,,,
Haiti,Panama,6,1,3,2,5,7,2007-03-24,2016-03-29,martj42/international_results results.csv,https://github.com/martj42/international_results/blob/master/results.csv
Haiti,Paraguay,0,0,0,0,0,0,,,,
Haiti,Portugal,0,0,0,0,0,0,,,,
Haiti,Qatar,2,2,0,0,3,1,2010-11-18,2023-06-25,martj42/international_results results.csv,https://github.com/martj42/international_results/blob/master/results.csv
Haiti,Saudi Arabia,1,0,0,1,0,1,2025-06-15,2025-06-15,martj42/international_results results.csv,https://github.com/martj42/international_results/blob/master/results.csv
Haiti,Scotland,0,0,0,0,0,0,,,,
Haiti,Senegal,0,0,0,0,0,0,,,,
Haiti,South Africa,0,0,0,0,0,0,,,,
Haiti,South Korea,1,0,0,1,1,4,2013-09-06,2013-09-06,martj42/international_results results.csv,https://github.com/martj42/international_results/blob/master/results.csv
Haiti,Spain,1,0,0,1,1,2,2013-06-08,2013-06-08,martj42/international_results results.csv,https://github.com/martj42/international_results/blob/master/results.csv
Haiti,Sweden,0,0,0,0,0,0,,,,
Haiti,Switzerland,0,0,0,0,0,0,,,,
Haiti,Tunisia,1,0,0,1,0,1,2026-03-28,2026-03-28,martj42/international_results results.csv,https://github.com/martj42/international_results/blob/master/results.csv
Haiti,Turkey,0,0,0,0,0,0,,,,
Haiti,United States,4,0,1,3,3,6,2009-07-11,2025-06-22,martj42/international_results results.csv,https://github.com/martj42/international_results/blob/master/results.csv
Haiti,Uruguay,0,0,0,0,0,0,,,,
Haiti,Uzbekistan,0,0,0,0,0,0,,,,
Iran,Iraq,13,8,3,2,18,9,2006-10-04,2022-01-27,martj42/international_results results.csv,https://github.com/martj42/international_results/blob/master/results.csv
Iran,Ivory Coast,0,0,0,0,0,0,,,,
Iran,Japan,3,1,1,1,3,5,2015-10-13,2024-02-03,martj42/international_results results.csv,https://github.com/martj42/international_results/blob/master/results.csv
Iran,Jordan,7,3,3,1,6,4,2006-10-06,2012-09-05,martj42/international_results results.csv,https://github.com/martj42/international_results/blob/master/results.csv
Iran,Mexico,2,0,0,2,1,7,2006-06-11,2007-06-02,martj42/international_results results.csv,https://github.com/martj42/international_results/blob/master/results.csv
Iran,Morocco,1,1,0,0,1,0,2018-06-15,2018-06-15,martj42/international_results results.csv,https://github.com/martj42/international_results/blob/master/results.csv
Iran,Netherlands,0,0,0,0,0,0,,,,
Iran,New Zealand,0,0,0,0,0,0,,,,
Iran,Norway,0,0,0,0,0,0,,,,
Iran,Panama,1,1,0,0,2,1,2017-11-09,2017-11-09,martj42/international_results results.csv,https://github.com/martj42/international_results/blob/master/results.csv
Iran,Paraguay,0,0,0,0,0,0,,,,
Iran,Portugal,2,0,1,1,1,3,2006-06-17,2018-06-25,martj42/international_results results.csv,https://github.com/martj42/international_results/blob/master/results.csv
Iran,Qatar,16,9,4,3,26,13,2007-03-24,2025-06-05,martj42/international_results results.csv,https://github.com/martj42/international_results/blob/master/results.csv
Iran,Saudi Arabia,3,0,2,1,2,3,2008-09-06,2012-12-09,martj42/international_results results.csv,https://github.com/martj42/international_results/blob/master/results.csv
Iran,Scotland,0,0,0,0,0,0,,,,
Iran,Senegal,2,0,2,0,2,2,2009-04-01,2022-09-27,martj42/international_results results.csv,https://github.com/martj42/international_results/blob/master/results.csv
Iran,South Africa,0,0,0,0,0,0,,,,
Iran,South Korea,15,6,7,2,12,8,2006-09-02,2022-03-24,martj42/international_results results.csv,https://github.com/martj42/international_results/blob/master/results.csv
Iran,Spain,1,0,0,1,0,1,2018-06-20,2018-06-20,martj42/international_results results.csv,https://github.com/martj42/international_results/blob/master/results.csv
Iran,Sweden,1,0,0,1,1,3,2015-03-31,2015-03-31,martj42/international_results results.csv,https://github.com/martj42/international_results/blob/master/results.csv
Iran,Switzerland,0,0,0,0,0,0,,,,
Iran,Tunisia,3,0,1,2,2,5,2012-08-15,2022-11-16,martj42/international_results results.csv,https://github.com/martj42/international_results/blob/master/results.csv
Iran,Turkey,1,0,0,1,1,2,2018-05-28,2018-05-28,martj42/international_results results.csv,https://github.com/martj42/international_results/blob/master/results.csv
Iran,United States,1,0,0,1,0,1,2022-11-29,2022-11-29,martj42/international_results results.csv,https://github.com/martj42/international_results/blob/master/results.csv
Iran,Uruguay,1,1,0,0,1,0,2022-09-23,2022-09-23,martj42/international_results results.csv,https://github.com/martj42/international_results/blob/master/results.csv
Iran,Uzbekistan,16,9,6,1,16,7,2007-07-11,2025-11-18,martj42/international_results results.csv,https://github.com/martj42/international_results/blob/master/results.csv
Iraq,Ivory Coast,0,0,0,0,0,0,,,,
Iraq,Japan,7,1,1,5,4,11,2012-09-11,2024-01-19,martj42/international_results results.csv,https://github.com/martj42/international_results/blob/master/results.csv
Iraq,Jordan,21,7,8,6,17,20,2006-07-21,2025-12-12,martj42/international_results results.csv,https://github.com/martj42/international_results/blob/master/results.csv
Iraq,Mexico,1,0,0,1,0,4,2022-11-09,2022-11-09,martj42/international_results results.csv,https://github.com/martj42/international_results/blob/master/results.csv
Iraq,Morocco,0,0,0,0,0,0,,,,
Iraq,Netherlands,0,0,0,0,0,0,,,,
Iraq,New Zealand,1,0,1,0,0,0,2009-06-20,2009-06-20,martj42/international_results results.csv,https://github.com/martj42/international_results/blob/master/results.csv
Iraq,Norway,0,0,0,0,0,0,,,,
Iraq,Panama,0,0,0,0,0,0,,,,
Iraq,Paraguay,0,0,0,0,0,0,,,,
Iraq,Portugal,0,0,0,0,0,0,,,,
Iraq,Qatar,15,6,1,8,15,20,2007-01-18,2023-10-13,martj42/international_results results.csv,https://github.com/martj42/international_results/blob/master/results.csv
Iraq,Saudi Arabia,15,6,3,6,15,13,2007-01-24,2025-10-14,martj42/international_results results.csv,https://github.com/martj42/international_results/blob/master/results.csv
Iraq,Scotland,0,0,0,0,0,0,,,,
Iraq,Senegal,0,0,0,0,0,0,,,,
Iraq,South Africa,1,0,1,0,0,0,2009-06-14,2009-06-14,martj42/international_results results.csv,https://github.com/martj42/international_results/blob/master/results.csv
Iraq,South Korea,10,0,3,7,3,16,2007-06-29,2025-06-05,martj42/international_results results.csv,https://github.com/martj42/international_results/blob/master/results.csv
Iraq,Spain,1,0,0,1,0,1,2009-06-17,2009-06-17,martj42/international_results results.csv,https://github.com/martj42/international_results/blob/master/results.csv
Iraq,Sweden,0,0,0,0,0,0,,,,
Iraq,Switzerland,0,0,0,0,0,0,,,,
Iraq,Tunisia,2,0,0,2,1,4,2012-12-30,2019-06-07,martj42/international_results results.csv,https://github.com/martj42/international_results/blob/master/results.csv
Iraq,Turkey,0,0,0,0,0,0,,,,
Iraq,United States,0,0,0,0,0,0,,,,
Iraq,Uruguay,0,0,0,0,0,0,,,,
Iraq,Uzbekistan,7,2,2,3,4,6,2007-07-02,2021-03-29,martj42/international_results results.csv,https://github.com/martj42/international_results/blob/master/results.csv
Ivory Coast,Japan,4,2,0,2,4,3,2008-05-24,2020-10-13,martj42/international_results results.csv,https://github.com/martj42/international_results/blob/master/results.csv
Ivory Coast,Jordan,0,0,0,0,0,0,,,,
Ivory Coast,Mexico,1,0,0,1,1,4,2013-08-14,2013-08-14,martj42/international_results results.csv,https://github.com/martj42/international_results/blob/master/results.csv
Ivory Coast,Morocco,8,1,4,3,5,8,2012-06-09,2023-10-14,martj42/international_results results.csv,https://github.com/martj42/international_results/blob/master/results.csv
Ivory Coast,Netherlands,2,0,0,2,1,7,2006-06-16,2017-06-04,martj42/international_results results.csv,https://github.com/martj42/international_results/blob/master/results.csv
Ivory Coast,New Zealand,1,0,0,1,0,1,2025-06-07,2025-06-07,martj42/international_results results.csv,https://github.com/martj42/international_results/blob/master/results.csv
Ivory Coast,Norway,0,0,0,0,0,0,,,,
Ivory Coast,Panama,0,0,0,0,0,0,,,,
Ivory Coast,Paraguay,2,0,2,0,3,3,2008-05-22,2010-05-30,martj42/international_results results.csv,https://github.com/martj42/international_results/blob/master/results.csv
Ivory Coast,Portugal,1,0,1,0,0,0,2010-06-15,2010-06-15,martj42/international_results results.csv,https://github.com/martj42/international_results/blob/master/results.csv
Ivory Coast,Qatar,1,1,0,0,6,1,2007-11-21,2007-11-21,martj42/international_results results.csv,https://github.com/martj42/international_results/blob/master/results.csv
Ivory Coast,Saudi Arabia,1,0,0,1,0,1,2025-11-14,2025-11-14,martj42/international_results results.csv,https://github.com/martj42/international_results/blob/master/results.csv
Ivory Coast,Scotland,1,1,0,0,1,0,2026-03-31,2026-03-31,martj42/international_results results.csv,https://github.com/martj42/international_results/blob/master/results.csv
Ivory Coast,Senegal,7,3,3,1,12,7,2006-08-16,2024-01-29,martj42/international_results results.csv,https://github.com/martj42/international_results/blob/master/results.csv
Ivory Coast,South Africa,4,1,2,1,3,4,2011-11-12,2023-10-17,martj42/international_results results.csv,https://github.com/martj42/international_results/blob/master/results.csv
Ivory Coast,South Korea,2,1,0,1,4,2,2010-03-03,2026-03-28,martj42/international_results results.csv,https://github.com/martj42/international_results/blob/master/results.csv
Ivory Coast,Spain,0,0,0,0,0,0,,,,
Ivory Coast,Sweden,3,2,0,1,3,3,2006-11-15,2017-01-08,martj42/international_results results.csv,https://github.com/martj42/international_results/blob/master/results.csv
Ivory Coast,Switzerland,0,0,0,0,0,0,,,,
Ivory Coast,Tunisia,5,3,1,1,7,3,2008-03-26,2019-09-10,martj42/international_results results.csv,https://github.com/martj42/international_results/blob/master/results.csv
Ivory Coast,Turkey,1,0,1,0,1,1,2009-02-11,2009-02-11,martj42/international_results results.csv,https://github.com/martj42/international_results/blob/master/results.csv
Ivory Coast,United States,0,0,0,0,0,0,,,,
Ivory Coast,Uruguay,1,1,0,0,2,1,2024-03-26,2024-03-26,martj42/international_results results.csv,https://github.com/martj42/international_results/blob/master/results.csv
Ivory Coast,Uzbekistan,0,0,0,0,0,0,,,,
Japan,Jordan,5,3,1,1,16,4,2011-01-09,2024-01-09,martj42/international_results results.csv,https://github.com/martj42/international_results/blob/master/results.csv
Japan,Mexico,3,0,1,2,1,4,2013-06-22,2025-09-06,martj42/international_results results.csv,https://github.com/martj42/international_results/blob/master/results.csv
Japan,Morocco,0,0,0,0,0,0,,,,
Japan,Netherlands,3,0,1,2,2,6,2009-09-05,2013-11-16,martj42/international_results results.csv,https://github.com/martj42/international_results/blob/master/results.csv
Japan,New Zealand,2,2,0,0,6,3,2014-03-05,2017-10-06,martj42/international_results results.csv,https://github.com/martj42/international_results/blob/master/results.csv
Japan,Norway,0,0,0,0,0,0,,,,
Japan,Panama,2,2,0,0,4,0,2018-10-12,2020-11-13,martj42/international_results results.csv,https://github.com/martj42/international_results/blob/master/results.csv
Japan,Paraguay,7,4,3,0,13,5,2008-05-27,2025-10-10,martj42/international_results results.csv,https://github.com/martj42/international_results/blob/master/results.csv
Japan,Portugal,0,0,0,0,0,0,,,,
Japan,Qatar,5,2,2,1,9,7,2007-07-09,2019-02-01,martj42/international_results results.csv,https://github.com/martj42/international_results/blob/master/results.csv
Japan,Saudi Arabia,11,6,1,4,17,8,2006-09-03,2025-03-25,martj42/international_results results.csv,https://github.com/martj42/international_results/blob/master/results.csv
Japan,Scotland,2,2,0,0,3,0,2009-10-10,2026-03-28,martj42/international_results results.csv,https://github.com/martj42/international_results/blob/master/results.csv
Japan,Senegal,1,0,1,0,2,2,2018-06-24,2018-06-24,martj42/international_results results.csv,https://github.com/martj42/international_results/blob/master/results.csv
Japan,South Africa,1,0,1,0,0,0,2009-11-14,2009-11-14,martj42/international_results results.csv,https://github.com/martj42/international_results/blob/master/results.csv
Japan,South Korea,13,4,5,4,17,15,2007-07-28,2022-07-27,martj42/international_results results.csv,https://github.com/martj42/international_results/blob/master/results.csv
Japan,Spain,1,1,0,0,2,1,2022-12-01,2022-12-01,martj42/international_results results.csv,https://github.com/martj42/international_results/blob/master/results.csv
Japan,Sweden,0,0,0,0,0,0,,,,
Japan,Switzerland,2,1,0,1,4,5,2007-09-11,2018-06-08,martj42/international_results results.csv,https://github.com/martj42/international_results/blob/master/results.csv
Japan,Tunisia,2,1,0,1,2,3,2015-03-27,2022-06-14,martj42/international_results results.csv,https://github.com/martj42/international_results/blob/master/results.csv
Japan,Turkey,1,1,0,0,4,2,2023-09-12,2023-09-12,martj42/international_results results.csv,https://github.com/martj42/international_results/blob/master/results.csv
Japan,United States,2,1,0,1,2,2,2022-09-23,2025-09-09,martj42/international_results results.csv,https://github.com/martj42/international_results/blob/master/results.csv
Japan,Uruguay,6,1,2,3,10,15,2008-08-20,2023-03-24,martj42/international_results results.csv,https://github.com/martj42/international_results/blob/master/results.csv
Japan,Uzbekistan,6,3,2,1,10,5,2008-10-15,2019-01-17,martj42/international_results results.csv,https://github.com/martj42/international_results/blob/master/results.csv
Jordan,Mexico,0,0,0,0,0,0,,,,
Jordan,Morocco,2,0,0,2,2,7,2021-12-04,2025-12-18,martj42/international_results results.csv,https://github.com/martj42/international_results/blob/master/results.csv
Jordan,Netherlands,0,0,0,0,0,0,,,,
Jordan,New Zealand,2,1,0,1,4,4,2009-09-09,2022-01-28,martj42/international_results results.csv,https://github.com/martj42/international_results/blob/master/results.csv
Jordan,Norway,1,0,0,1,0,6,2023-09-07,2023-09-07,martj42/international_results results.csv,https://github.com/martj42/international_results/blob/master/results.csv
Jordan,Panama,0,0,0,0,0,0,,,,
Jordan,Paraguay,1,0,0,1,2,4,2019-09-10,2019-09-10,martj42/international_results results.csv,https://github.com/martj42/international_results/blob/master/results.csv
Jordan,Portugal,0,0,0,0,0,0,,,,
Jordan,Qatar,7,2,0,5,9,13,2008-03-16,2024-02-10,martj42/international_results results.csv,https://github.com/martj42/international_results/blob/master/results.csv
Jordan,Saudi Arabia,11,5,2,4,12,11,2006-11-08,2025-12-15,martj42/international_results results.csv,https://github.com/martj42/international_results/blob/master/results.csv
Jordan,Scotland,0,0,0,0,0,0,,,,
Jordan,Senegal,0,0,0,0,0,0,,,,
Jordan,South Africa,0,0,0,0,0,0,,,,
Jordan,South Korea,8,1,3,4,7,10,2008-05-31,2025-03-25,martj42/international_results results.csv,https://github.com/martj42/international_results/blob/master/results.csv
Jordan,Spain,1,0,0,1,1,3,2022-11-17,2022-11-17,martj42/international_results results.csv,https://github.com/martj42/international_results/blob/master/results.csv
Jordan,Sweden,0,0,0,0,0,0,,,,
Jordan,Switzerland,0,0,0,0,0,0,,,,
Jordan,Tunisia,2,0,1,1,5,6,2011-08-22,2025-11-14,martj42/international_results results.csv,https://github.com/martj42/international_results/blob/master/results.csv
Jordan,Turkey,0,0,0,0,0,0,,,,
Jordan,United States,0,0,0,0,0,0,,,,
Jordan,Uruguay,2,0,1,1,0,5,2013-11-13,2013-11-20,martj42/international_results results.csv,https://github.com/martj42/international_results/blob/master/results.csv
Jordan,Uzbekistan,13,2,4,7,12,18,2008-03-22,2025-01-22,martj42/international_results results.csv,https://github.com/martj42/international_results/blob/master/results.csv
Mexico,Morocco,0,0,0,0,0,0,,,,
Mexico,Netherlands,5,2,0,3,7,8,2006-06-01,2020-10-07,martj42/international_results results.csv,https://github.com/martj42/international_results/blob/master/results.csv
Mexico,New Zealand,7,7,0,0,21,5,2010-03-03,2024-09-07,martj42/international_results results.csv,https://github.com/martj42/international_results/blob/master/results.csv
Mexico,Norway,0,0,0,0,0,0,,,,
Mexico,Panama,22,16,4,2,31,10,2007-06-13,2026-01-22,martj42/international_results results.csv,https://github.com/martj42/international_results/blob/master/results.csv
Mexico,Paraguay,9,6,0,3,19,9,2007-03-25,2025-11-18,martj42/international_results results.csv,https://github.com/martj42/international_results/blob/master/results.csv
Mexico,Portugal,5,0,2,3,4,7,2006-06-21,2026-03-28,martj42/international_results results.csv,https://github.com/martj42/international_results/blob/master/results.csv
Mexico,Qatar,1,0,0,1,0,1,2023-07-02,2023-07-02,martj42/international_results results.csv,https://github.com/martj42/international_results/blob/master/results.csv
Mexico,Saudi Arabia,2,2,0,0,4,1,2022-11-30,2025-06-28,martj42/international_results results.csv,https://github.com/martj42/international_results/blob/master/results.csv
Mexico,Scotland,1,1,0,0,1,0,2018-06-02,2018-06-02,martj42/international_results results.csv,https://github.com/martj42/international_results/blob/master/results.csv
Mexico,Senegal,1,1,0,0,1,0,2010-05-10,2010-05-10,martj42/international_results results.csv,https://github.com/martj42/international_results/blob/master/results.csv
Mexico,South Africa,1,0,1,0,1,1,2010-06-11,2010-06-11,martj42/international_results results.csv,https://github.com/martj42/international_results/blob/master/results.csv
Mexico,South Korea,4,3,1,0,11,5,2014-01-29,2025-09-09,martj42/international_results results.csv,https://github.com/martj42/international_results/blob/master/results.csv
Mexico,Spain,1,0,1,0,1,1,2010-08-11,2010-08-11,martj42/international_results results.csv,https://github.com/martj42/international_results/blob/master/results.csv
Mexico,Sweden,3,0,0,3,1,6,2009-01-28,2022-11-16,martj42/international_results results.csv,https://github.com/martj42/international_results/blob/master/results.csv
Mexico,Switzerland,1,0,0,1,2,4,2025-06-07,2025-06-07,martj42/international_results results.csv,https://github.com/martj42/international_results/blob/master/results.csv
Mexico,Tunisia,0,0,0,0,0,0,,,,
Mexico,Turkey,1,1,0,0,1,0,2025-06-10,2025-06-10,martj42/international_results results.csv,https://github.com/martj42/international_results/blob/master/results.csv
Mexico,United States,27,9,6,12,32,35,2007-02-07,2025-07-06,martj42/international_results results.csv,https://github.com/martj42/international_results/blob/master/results.csv
Mexico,Uruguay,8,2,1,5,7,15,2007-07-14,2025-11-15,martj42/international_results results.csv,https://github.com/martj42/international_results/blob/master/results.csv
Mexico,Uzbekistan,1,0,1,0,3,3,2023-09-12,2023-09-12,martj42/international_results results.csv,https://github.com/martj42/international_results/blob/master/results.csv
Morocco,Netherlands,1,0,0,1,1,2,2017-05-31,2017-05-31,martj42/international_results results.csv,https://github.com/martj42/international_results/blob/master/results.csv
Morocco,New Zealand,0,0,0,0,0,0,,,,
Morocco,Norway,0,0,0,0,0,0,,,,
Morocco,Panama,0,0,0,0,0,0,,,,
Morocco,Paraguay,2,1,1,0,2,1,2022-09-27,2026-03-31,martj42/international_results results.csv,https://github.com/martj42/international_results/blob/master/results.csv
Morocco,Portugal,2,1,0,1,1,1,2018-06-20,2022-12-10,martj42/international_results results.csv,https://github.com/martj42/international_results/blob/master/results.csv
Morocco,Qatar,1,0,1,0,0,0,2014-09-03,2014-09-03,martj42/international_results results.csv,https://github.com/martj42/international_results/blob/master/results.csv
Morocco,Saudi Arabia,3,2,0,1,2,4,2012-06-18,2025-12-08,martj42/international_results results.csv,https://github.com/martj42/international_results/blob/master/results.csv
Morocco,Scotland,0,0,0,0,0,0,,,,
Morocco,Senegal,5,4,0,1,11,2,2007-11-21,2026-01-18,martj42/international_results results.csv,https://github.com/martj42/international_results/blob/master/results.csv
Morocco,South Africa,6,2,2,2,7,8,2013-01-27,2024-01-30,martj42/international_results results.csv,https://github.com/martj42/international_results/blob/master/results.csv
Morocco,South Korea,1,1,0,0,3,1,2017-10-10,2017-10-10,martj42/international_results results.csv,https://github.com/martj42/international_results/blob/master/results.csv
Morocco,Spain,2,0,2,0,2,2,2018-06-25,2022-12-06,martj42/international_results results.csv,https://github.com/martj42/international_results/blob/master/results.csv
Morocco,Sweden,0,0,0,0,0,0,,,,
Morocco,Switzerland,0,0,0,0,0,0,,,,
Morocco,Tunisia,5,3,1,1,6,3,2007-02-07,2025-06-06,martj42/international_results results.csv,https://github.com/martj42/international_results/blob/master/results.csv
Morocco,Turkey,0,0,0,0,0,0,,,,
Morocco,United States,1,0,0,1,0,3,2022-06-01,2022-06-01,martj42/international_results results.csv,https://github.com/martj42/international_results/blob/master/results.csv
Morocco,Uruguay,1,0,0,1,0,1,2015-03-28,2015-03-28,martj42/international_results results.csv,https://github.com/martj42/international_results/blob/master/results.csv
Morocco,Uzbekistan,1,1,0,0,2,0,2018-03-27,2018-03-27,martj42/international_results results.csv,https://github.com/martj42/international_results/blob/master/results.csv
Netherlands,New Zealand,0,0,0,0,0,0,,,,
Netherlands,Norway,5,4,1,0,8,2,2008-10-15,2026-03-27,martj42/international_results results.csv,https://github.com/martj42/international_results/blob/master/results.csv
Netherlands,Panama,0,0,0,0,0,0,,,,
Netherlands,Paraguay,1,0,1,0,0,0,2009-11-18,2009-11-18,martj42/international_results results.csv,https://github.com/martj42/international_results/blob/master/results.csv
Netherlands,Portugal,5,1,1,3,5,5,2006-06-25,2019-06-09,martj42/international_results results.csv,https://github.com/martj42/international_results/blob/master/results.csv
Netherlands,Qatar,1,1,0,0,2,0,2022-11-29,2022-11-29,martj42/international_results results.csv,https://github.com/martj42/international_results/blob/master/results.csv
Netherlands,Saudi Arabia,0,0,0,0,0,0,,,,
Netherlands,Scotland,5,4,1,0,11,2,2009-03-28,2024-03-22,martj42/international_results results.csv,https://github.com/martj42/international_results/blob/master/results.csv
Netherlands,Senegal,1,1,0,0,2,0,2022-11-21,2022-11-21,martj42/international_results results.csv,https://github.com/martj42/international_results/blob/master/results.csv
Netherlands,South Africa,0,0,0,0,0,0,,,,
Netherlands,South Korea,1,1,0,0,2,0,2007-06-02,2007-06-02,martj42/international_results results.csv,https://github.com/martj42/international_results/blob/master/results.csv
Netherlands,Spain,6,2,3,1,13,8,2010-07-11,2025-03-23,martj42/international_results results.csv,https://github.com/martj42/international_results/blob/master/results.csv
Netherlands,Sweden,5,3,1,1,12,6,2008-11-19,2017-10-10,martj42/international_results results.csv,https://github.com/martj42/international_results/blob/master/results.csv
Netherlands,Switzerland,2,0,1,1,1,2,2007-08-22,2011-11-11,martj42/international_results results.csv,https://github.com/martj42/international_results/blob/master/results.csv
Netherlands,Tunisia,1,0,1,0,1,1,2009-02-11,2009-02-11,martj42/international_results results.csv,https://github.com/martj42/international_results/blob/master/results.csv
Netherlands,Turkey,8,5,1,2,16,10,2010-11-17,2024-07-06,martj42/international_results results.csv,https://github.com/martj42/international_results/blob/master/results.csv
Netherlands,United States,3,2,0,1,8,6,2010-03-03,2022-12-03,martj42/international_results results.csv,https://github.com/martj42/international_results/blob/master/results.csv
Netherlands,Uruguay,2,1,1,0,4,3,2010-07-06,2011-06-08,martj42/international_results results.csv,https://github.com/martj42/international_results/blob/master/results.csv
Netherlands,Uzbekistan,0,0,0,0,0,0,,,,
New Zealand,Norway,1,0,1,0,1,1,2025-10-14,2025-10-14,martj42/international_results results.csv,https://github.com/martj42/international_results/blob/master/results.csv
New Zealand,Panama,0,0,0,0,0,0,,,,
New Zealand,Paraguay,2,0,1,1,0,2,2010-06-24,2010-10-12,martj42/international_results results.csv,https://github.com/martj42/international_results/blob/master/results.csv
New Zealand,Portugal,1,0,0,1,0,4,2017-06-24,2017-06-24,martj42/international_results results.csv,https://github.com/martj42/international_results/blob/master/results.csv
New Zealand,Qatar,0,0,0,0,0,0,,,,
New Zealand,Saudi Arabia,1,1,0,0,1,0,2013-09-05,2013-09-05,martj42/international_results results.csv,https://github.com/martj42/international_results/blob/master/results.csv
New Zealand,Scotland,0,0,0,0,0,0,,,,
New Zealand,Senegal,0,0,0,0,0,0,,,,
New Zealand,South Africa,2,0,1,1,0,2,2009-06-17,2014-05-30,martj42/international_results results.csv,https://github.com/martj42/international_results/blob/master/results.csv
New Zealand,South Korea,1,0,0,1,0,1,2015-03-31,2015-03-31,martj42/international_results results.csv,https://github.com/martj42/international_results/blob/master/results.csv
New Zealand,Spain,1,0,0,1,0,5,2009-06-14,2009-06-14,martj42/international_results results.csv,https://github.com/martj42/international_results/blob/master/results.csv
New Zealand,Sweden,1,0,0,1,1,4,2023-06-16,2023-06-16,martj42/international_results results.csv,https://github.com/martj42/international_results/blob/master/results.csv
New Zealand,Switzerland,0,0,0,0,0,0,,,,
New Zealand,Tunisia,1,0,1,0,0,0,2024-03-26,2024-03-26,martj42/international_results results.csv,https://github.com/martj42/international_results/blob/master/results.csv
New Zealand,Turkey,0,0,0,0,0,0,,,,
New Zealand,United States,1,0,1,0,1,1,2024-09-10,2024-09-10,martj42/international_results results.csv,https://github.com/martj42/international_results/blob/master/results.csv
New Zealand,Uruguay,0,0,0,0,0,0,,,,
New Zealand,Uzbekistan,1,0,0,1,1,3,2014-09-08,2014-09-08,martj42/international_results results.csv,https://github.com/martj42/international_results/blob/master/results.csv
Norway,Panama,1,1,0,0,1,0,2018-06-06,2018-06-06,martj42/international_results results.csv,https://github.com/martj42/international_results/blob/master/results.csv
Norway,Paraguay,0,0,0,0,0,0,,,,
Norway,Portugal,3,1,0,2,1,4,2010-09-07,2016-05-29,martj42/international_results results.csv,https://github.com/martj42/international_results/blob/master/results.csv
Norway,Qatar,0,0,0,0,0,0,,,,
Norway,Saudi Arabia,0,0,0,0,0,0,,,,
Norway,Scotland,5,1,2,2,8,6,2008-10-11,2023-11-19,martj42/international_results results.csv,https://github.com/martj42/international_results/blob/master/results.csv
Norway,Senegal,0,0,0,0,0,0,,,,
Norway,South Africa,3,2,0,1,3,2,2009-03-28,2013-01-08,martj42/international_results results.csv,https://github.com/martj42/international_results/blob/master/results.csv
Norway,South Korea,1,0,1,0,0,0,2006-06-01,2006-06-01,martj42/international_results results.csv,https://github.com/martj42/international_results/blob/master/results.csv
Norway,Spain,4,0,1,3,2,7,2019-03-23,2023-10-15,martj42/international_results results.csv,https://github.com/martj42/international_results/blob/master/results.csv
Norway,Sweden,7,2,4,1,12,12,2013-08-14,2022-06-12,martj42/international_results results.csv,https://github.com/martj42/international_results/blob/master/results.csv
Norway,Switzerland,4,1,2,1,2,3,2009-11-14,2026-03-31,martj42/international_results results.csv,https://github.com/martj42/international_results/blob/master/results.csv
Norway,Tunisia,0,0,0,0,0,0,,,,
Norway,Turkey,4,0,2,2,4,8,2007-03-28,2021-10-08,martj42/international_results results.csv,https://github.com/martj42/international_results/blob/master/results.csv
Norway,United States,0,0,0,0,0,0,,,,
Norway,Uruguay,1,0,1,0,2,2,2008-05-28,2008-05-28,martj42/international_results results.csv,https://github.com/martj42/international_results/blob/master/results.csv
Norway,Uzbekistan,0,0,0,0,0,0,,,,
Panama,Paraguay,3,0,0,3,0,4,2011-09-02,2024-06-16,martj42/international_results results.csv,https://github.com/martj42/international_results/blob/master/results.csv
Panama,Portugal,1,0,0,1,0,2,2012-08-15,2012-08-15,martj42/international_results results.csv,https://github.com/martj42/international_results/blob/master/results.csv
Panama,Qatar,3,1,1,1,8,5,2021-07-13,2023-07-08,martj42/international_results results.csv,https://github.com/martj42/international_results/blob/master/results.csv
Panama,Saudi Arabia,1,0,1,0,1,1,2022-11-10,2022-11-10,martj42/international_results results.csv,https://github.com/martj42/international_results/blob/master/results.csv
Panama,Scotland,0,0,0,0,0,0,,,,
Panama,Senegal,0,0,0,0,0,0,,,,
Panama,South Africa,2,1,1,0,3,2,2026-03-27,2026-03-31,martj42/international_results results.csv,https://github.com/martj42/international_results/blob/master/results.csv
Panama,South Korea,1,0,1,0,2,2,2018-10-16,2018-10-16,martj42/international_results results.csv,https://github.com/martj42/international_results/blob/master/results.csv
Panama,Spain,1,0,0,1,1,5,2012-11-14,2012-11-14,martj42/international_results results.csv,https://github.com/martj42/international_results/blob/master/results.csv
Panama,Sweden,0,0,0,0,0,0,,,,
Panama,Switzerland,1,0,0,1,0,6,2018-03-27,2018-03-27,martj42/international_results results.csv,https://github.com/martj42/international_results/blob/master/results.csv
Panama,Tunisia,1,0,0,1,1,2,2018-06-28,2018-06-28,martj42/international_results results.csv,https://github.com/martj42/international_results/blob/master/results.csv
Panama,Turkey,0,0,0,0,0,0,,,,
Panama,United States,23,4,5,14,18,42,2007-06-16,2025-03-20,martj42/international_results results.csv,https://github.com/martj42/international_results/blob/master/results.csv
Panama,Uruguay,3,0,0,3,1,11,2019-06-07,2024-06-23,martj42/international_results results.csv,https://github.com/martj42/international_results/blob/master/results.csv
Panama,Uzbekistan,0,0,0,0,0,0,,,,
Paraguay,Portugal,0,0,0,0,0,0,,,,
Paraguay,Qatar,2,0,1,1,2,4,2009-11-13,2019-06-16,martj42/international_results results.csv,https://github.com/martj42/international_results/blob/master/results.csv
Paraguay,Saudi Arabia,2,0,2,0,1,1,2008-08-20,2019-11-19,martj42/international_results results.csv,https://github.com/martj42/international_results/blob/master/results.csv
Paraguay,Scotland,0,0,0,0,0,0,,,,
Paraguay,Senegal,0,0,0,0,0,0,,,,
Paraguay,South Africa,3,0,2,1,2,5,2008-03-26,2018-11-20,martj42/international_results results.csv,https://github.com/martj42/international_results/blob/master/results.csv
Paraguay,South Korea,4,0,1,3,2,7,2009-08-12,2025-10-14,martj42/international_results results.csv,https://github.com/martj42/international_results/blob/master/results.csv
Paraguay,Spain,1,0,0,1,0,1,2010-07-03,2010-07-03,martj42/international_results results.csv,https://github.com/martj42/international_results/blob/master/results.csv
Paraguay,Sweden,1,0,0,1,0,1,2006-06-15,2006-06-15,martj42/international_results results.csv,https://github.com/martj42/international_results/blob/master/results.csv
Paraguay,Switzerland,0,0,0,0,0,0,,,,
Paraguay,Tunisia,0,0,0,0,0,0,,,,
Paraguay,Turkey,0,0,0,0,0,0,,,,
Paraguay,United States,5,2,0,3,5,5,2007-07-02,2025-11-15,martj42/international_results results.csv,https://github.com/martj42/international_results/blob/master/results.csv
Paraguay,Uruguay,13,2,5,6,7,16,2007-10-17,2025-06-05,martj42/international_results results.csv,https://github.com/martj42/international_results/blob/master/results.csv
Paraguay,Uzbekistan,0,0,0,0,0,0,,,,
Portugal,Qatar,2,2,0,0,6,1,2021-09-04,2021-10-09,martj42/international_results results.csv,https://github.com/martj42/international_results/blob/master/results.csv
Portugal,Saudi Arabia,1,1,0,0,3,0,2017-11-10,2017-11-10,martj42/international_results results.csv,https://github.com/martj42/international_results/blob/master/results.csv
Portugal,Scotland,3,2,1,0,5,2,2018-10-14,2024-10-15,martj42/international_results results.csv,https://github.com/martj42/international_results/blob/master/results.csv
Portugal,Senegal,0,0,0,0,0,0,,,,
Portugal,South Africa,1,1,0,0,2,0,2009-03-31,2009-03-31,martj42/international_results results.csv,https://github.com/martj42/international_results/blob/master/results.csv
Portugal,South Korea,1,0,0,1,1,2,2022-12-02,2022-12-02,martj42/international_results results.csv,https://github.com/martj42/international_results/blob/master/results.csv
Portugal,Spain,9,1,6,2,10,8,2010-06-29,2025-06-08,martj42/international_results results.csv,https://github.com/martj42/international_results/blob/master/results.csv
Portugal,Sweden,8,5,2,1,16,7,2008-10-11,2024-03-21,martj42/international_results results.csv,https://github.com/martj42/international_results/blob/master/results.csv
Portugal,Switzerland,7,4,0,3,15,7,2008-06-15,2022-12-06,martj42/international_results results.csv,https://github.com/martj42/international_results/blob/master/results.csv
Portugal,Tunisia,1,0,1,0,2,2,2018-05-28,2018-05-28,martj42/international_results results.csv,https://github.com/martj42/international_results/blob/master/results.csv
Portugal,Turkey,4,3,0,1,9,4,2008-06-07,2024-06-22,martj42/international_results results.csv,https://github.com/martj42/international_results/blob/master/results.csv
Portugal,United States,3,1,2,0,5,3,2014-06-22,2026-03-31,martj42/international_results results.csv,https://github.com/martj42/international_results/blob/master/results.csv
Portugal,Uruguay,2,1,0,1,3,2,2018-06-30,2022-11-28,martj42/international_results results.csv,https://github.com/martj42/international_results/blob/master/results.csv
Portugal,Uzbekistan,0,0,0,0,0,0,,,,
Qatar,Saudi Arabia,10,4,4,2,14,9,2007-01-21,2019-12-05,martj42/international_results results.csv,https://github.com/martj42/international_results/blob/master/results.csv
Qatar,Scotland,1,0,0,1,0,1,2015-06-05,2015-06-05,martj42/international_results results.csv,https://github.com/martj42/international_results/blob/master/results.csv
Qatar,Senegal,1,0,0,1,1,3,2022-11-25,2022-11-25,martj42/international_results results.csv,https://github.com/martj42/international_results/blob/master/results.csv
Qatar,South Africa,0,0,0,0,0,0,,,,
Qatar,South Korea,6,2,0,4,9,13,2012-06-08,2020-11-17,martj42/international_results results.csv,https://github.com/martj42/international_results/blob/master/results.csv
Qatar,Spain,0,0,0,0,0,0,,,,
Qatar,Sweden,0,0,0,0,0,0,,,,
Qatar,Switzerland,1,1,0,0,1,0,2018-11-14,2018-11-14,martj42/international_results results.csv,https://github.com/martj42/international_results/blob/master/results.csv
Qatar,Tunisia,1,0,0,1,0,3,2025-12-07,2025-12-07,martj42/international_results results.csv,https://github.com/martj42/international_results/blob/master/results.csv
Qatar,Turkey,1,0,0,1,1,2,2015-11-13,2015-11-13,martj42/international_results results.csv,https://github.com/martj42/international_results/blob/master/results.csv
Qatar,United States,1,0,0,1,0,1,2021-07-29,2021-07-29,martj42/international_results results.csv,https://github.com/martj42/international_results/blob/master/results.csv
Qatar,Uruguay,0,0,0,0,0,0,,,,
Qatar,Uzbekistan,13,3,1,9,11,24,2006-11-15,2025-06-10,martj42/international_results results.csv,https://github.com/martj42/international_results/blob/master/results.csv
Saudi Arabia,Scotland,0,0,0,0,0,0,,,,
Saudi Arabia,Senegal,0,0,0,0,0,0,,,,
Saudi Arabia,South Africa,0,0,0,0,0,0,,,,
Saudi Arabia,South Korea,7,0,4,3,2,7,2007-07-11,2024-01-30,martj42/international_results results.csv,https://github.com/martj42/international_results/blob/master/results.csv
Saudi Arabia,Spain,3,0,0,3,2,9,2006-06-23,2012-09-07,martj42/international_results results.csv,https://github.com/martj42/international_results/blob/master/results.csv
Saudi Arabia,Sweden,0,0,0,0,0,0,,,,
Saudi Arabia,Switzerland,0,0,0,0,0,0,,,,
Saudi Arabia,Tunisia,2,1,1,0,3,2,2006-06-14,2009-10-14,martj42/international_results results.csv,https://github.com/martj42/international_results/blob/master/results.csv
Saudi Arabia,Turkey,1,0,0,1,0,1,2006-05-31,2006-05-31,martj42/international_results results.csv,https://github.com/martj42/international_results/blob/master/results.csv
Saudi Arabia,United States,2,0,1,1,0,1,2022-09-27,2025-06-19,martj42/international_results results.csv,https://github.com/martj42/international_results/blob/master/results.csv
Saudi Arabia,Uruguay,2,0,1,1,1,2,2014-10-10,2018-06-20,martj42/international_results results.csv,https://github.com/martj42/international_results/blob/master/results.csv
Saudi Arabia,Uzbekistan,7,5,0,2,17,9,2007-07-22,2021-06-15,martj42/international_results results.csv,https://github.com/martj42/international_results/blob/master/results.csv
Scotland,Senegal,0,0,0,0,0,0,,,,
Scotland,South Africa,1,1,0,0,1,0,2007-08-22,2007-08-22,martj42/international_results results.csv,https://github.com/martj42/international_results/blob/master/results.csv
Scotland,South Korea,0,0,0,0,0,0,,,,
Scotland,Spain,4,1,0,3,5,8,2010-10-12,2023-10-12,martj42/international_results results.csv,https://github.com/martj42/international_results/blob/master/results.csv
Scotland,Sweden,1,0,0,1,0,3,2010-08-11,2010-08-11,martj42/international_results results.csv,https://github.com/martj42/international_results/blob/master/results.csv
Scotland,Switzerland,1,0,1,0,1,1,2024-06-19,2024-06-19,martj42/international_results results.csv,https://github.com/martj42/international_results/blob/master/results.csv
Scotland,Tunisia,0,0,0,0,0,0,,,,
Scotland,Turkey,1,0,0,1,1,2,2022-11-16,2022-11-16,martj42/international_results results.csv,https://github.com/martj42/international_results/blob/master/results.csv
Scotland,United States,2,0,1,1,1,5,2012-05-26,2013-11-15,martj42/international_results results.csv,https://github.com/martj42/international_results/blob/master/results.csv
Scotland,Uruguay,0,0,0,0,0,0,,,,
Scotland,Uzbekistan,0,0,0,0,0,0,,,,
Senegal,South Africa,7,2,4,1,6,4,2008-01-31,2021-07-18,martj42/international_results results.csv,https://github.com/martj42/international_results/blob/master/results.csv
Senegal,South Korea,2,1,0,1,2,2,2009-10-14,2018-06-11,martj42/international_results results.csv,https://github.com/martj42/international_results/blob/master/results.csv
Senegal,Spain,0,0,0,0,0,0,,,,
Senegal,Sweden,0,0,0,0,0,0,,,,
Senegal,Switzerland,0,0,0,0,0,0,,,,
Senegal,Tunisia,5,2,2,1,5,3,2008-01-23,2019-07-14,martj42/international_results results.csv,https://github.com/martj42/international_results/blob/master/results.csv
Senegal,Turkey,0,0,0,0,0,0,,,,
Senegal,United States,0,0,0,0,0,0,,,,
Senegal,Uruguay,0,0,0,0,0,0,,,,
Senegal,Uzbekistan,1,0,1,0,1,1,2018-03-23,2018-03-23,martj42/international_results results.csv,https://github.com/martj42/international_results/blob/master/results.csv
South Africa,South Korea,0,0,0,0,0,0,,,,
South Africa,Spain,3,1,0,2,3,5,2009-06-20,2013-11-19,martj42/international_results results.csv,https://github.com/martj42/international_results/blob/master/results.csv
South Africa,Sweden,0,0,0,0,0,0,,,,
South Africa,Switzerland,0,0,0,0,0,0,,,,
South Africa,Tunisia,2,0,1,1,1,3,2008-01-27,2024-01-24,martj42/international_results results.csv,https://github.com/martj42/international_results/blob/master/results.csv
South Africa,Turkey,0,0,0,0,0,0,,,,
South Africa,United States,2,0,0,2,0,2,2007-11-17,2010-11-17,martj42/international_results results.csv,https://github.com/martj42/international_results/blob/master/results.csv
South Africa,Uruguay,2,0,1,1,0,3,2007-09-12,2010-06-16,martj42/international_results results.csv,https://github.com/martj42/international_results/blob/master/results.csv
South Africa,Uzbekistan,0,0,0,0,0,0,,,,
South Korea,Spain,3,0,0,3,2,11,2010-06-03,2016-06-01,martj42/international_results results.csv,https://github.com/martj42/international_results/blob/master/results.csv
South Korea,Sweden,1,0,0,1,0,1,2018-06-18,2018-06-18,martj42/international_results results.csv,https://github.com/martj42/international_results/blob/master/results.csv
South Korea,Switzerland,2,1,0,1,2,3,2006-06-23,2013-11-15,martj42/international_results results.csv,https://github.com/martj42/international_results/blob/master/results.csv
South Korea,Tunisia,2,1,0,1,4,1,2014-05-28,2023-10-13,martj42/international_results results.csv,https://github.com/martj42/international_results/blob/master/results.csv
South Korea,Turkey,1,0,1,0,0,0,2011-02-09,2011-02-09,martj42/international_results results.csv,https://github.com/martj42/international_results/blob/master/results.csv
South Korea,United States,2,1,0,1,2,2,2014-02-01,2025-09-06,martj42/international_results results.csv,https://github.com/martj42/international_results/blob/master/results.csv
South Korea,Uruguay,6,1,1,4,4,8,2007-03-24,2023-03-28,martj42/international_results results.csv,https://github.com/martj42/international_results/blob/master/results.csv
South Korea,Uzbekistan,11,8,3,0,24,9,2007-07-05,2018-11-20,martj42/international_results results.csv,https://github.com/martj42/international_results/blob/master/results.csv
Spain,Sweden,8,4,2,2,11,6,2006-10-07,2021-11-14,martj42/international_results results.csv,https://github.com/martj42/international_results/blob/master/results.csv
Spain,Switzerland,9,4,3,2,13,9,2010-06-16,2024-11-18,martj42/international_results results.csv,https://github.com/martj42/international_results/blob/master/results.csv
Spain,Tunisia,2,2,0,0,4,1,2006-06-19,2018-06-09,martj42/international_results results.csv,https://github.com/martj42/international_results/blob/master/results.csv
Spain,Turkey,5,4,1,0,14,3,2009-03-28,2025-11-18,martj42/international_results results.csv,https://github.com/martj42/international_results/blob/master/results.csv
Spain,United States,3,2,0,1,5,2,2008-06-04,2011-06-04,martj42/international_results results.csv,https://github.com/martj42/international_results/blob/master/results.csv
Spain,Uruguay,2,2,0,0,5,2,2013-02-06,2013-06-16,martj42/international_results results.csv,https://github.com/martj42/international_results/blob/master/results.csv
Spain,Uzbekistan,0,0,0,0,0,0,,,,
Sweden,Switzerland,3,1,0,2,2,6,2018-07-03,2025-11-15,martj42/international_results results.csv,https://github.com/martj42/international_results/blob/master/results.csv
Sweden,Tunisia,0,0,0,0,0,0,,,,
Sweden,Turkey,5,1,1,3,5,7,2008-02-06,2018-11-17,martj42/international_results results.csv,https://github.com/martj42/international_results/blob/master/results.csv
Sweden,United States,3,1,0,2,3,5,2007-08-22,2009-01-24,martj42/international_results results.csv,https://github.com/martj42/international_results/blob/master/results.csv
Sweden,Uruguay,0,0,0,0,0,0,,,,
Sweden,Uzbekistan,1,1,0,0,2,1,2021-09-05,2021-09-05,martj42/international_results results.csv,https://github.com/martj42/international_results/blob/master/results.csv
Switzerland,Tunisia,1,1,0,0,2,1,2012-11-14,2012-11-14,martj42/international_results results.csv,https://github.com/martj42/international_results/blob/master/results.csv
Switzerland,Turkey,2,1,0,1,4,3,2008-06-11,2021-06-20,martj42/international_results results.csv,https://github.com/martj42/international_results/blob/master/results.csv
Switzerland,United States,4,2,1,1,7,3,2007-10-17,2025-06-10,martj42/international_results results.csv,https://github.com/martj42/international_results/blob/master/results.csv
Switzerland,Uruguay,1,0,0,1,1,3,2010-03-03,2010-03-03,martj42/international_results results.csv,https://github.com/martj42/international_results/blob/master/results.csv
Switzerland,Uzbekistan,0,0,0,0,0,0,,,,
Tunisia,Turkey,1,0,1,0,2,2,2018-06-01,2018-06-01,martj42/international_results results.csv,https://github.com/martj42/international_results/blob/master/results.csv
Tunisia,United States,0,0,0,0,0,0,,,,
Tunisia,Uruguay,1,0,1,0,0,0,2006-06-02,2006-06-02,martj42/international_results results.csv,https://github.com/martj42/international_results/blob/master/results.csv
Tunisia,Uzbekistan,0,0,0,0,0,0,,,,
Turkey,United States,3,1,0,2,4,5,2010-05-29,2025-06-07,martj42/international_results results.csv,https://github.com/martj42/international_results/blob/master/results.csv
Turkey,Uruguay,1,0,0,1,2,3,2008-05-25,2008-05-25,martj42/international_results results.csv,https://github.com/martj42/international_results/blob/master/results.csv
Turkey,Uzbekistan,1,1,0,0,2,0,2019-06-02,2019-06-02,martj42/international_results results.csv,https://github.com/martj42/international_results/blob/master/results.csv
United States,Uruguay,4,1,2,1,6,3,2019-09-10,2025-11-18,martj42/international_results results.csv,https://github.com/martj42/international_results/blob/master/results.csv
United States,Uzbekistan,1,1,0,0,3,0,2023-09-09,2023-09-09,martj42/international_results results.csv,https://github.com/martj42/international_results/blob/master/results.csv
Uruguay,Uzbekistan,2,2,0,0,5,1,2018-06-07,2025-10-13,martj42/international_results results.csv,https://github.com/martj42/international_results/blob/master/results.csv
